_id,doctor,day,start_time,end_time,slot_duration_minutes,created_at,updated_at,__v
"""6a7099a40770fd734ecafb45""","""6a7099a40770fd734ecafb44""","Monday","09:00 AM","05:00 PM","30","""2026-08-03T13:37:40.862Z""","""2026-08-03T13:37:40.862Z""","0"
"""6a7099a40770fd734ecafb46""","""6a7099a40770fd734ecafb44""","Tuesday","09:00 AM","05:00 PM","30","""2026-08-03T13:37:40.865Z""","""2026-08-03T13:37:40.865Z""","0"
"""6a7099a40770fd734ecafb47""","""6a7099a40770fd734ecafb44""","Wednesday","09:00 AM","05:00 PM","30","""2026-08-03T13:37:40.868Z""","""2026-08-03T13:37:40.868Z""","0"
"""6a7099a40770fd734ecafb48""","""6a7099a40770fd734ecafb44""","Thursday","09:00 AM","05:00 PM","30","""2026-08-03T13:37:40.870Z""","""2026-08-03T13:37:40.870Z""","0"
"""6a7099a40770fd734ecafb49""","""6a7099a40770fd734ecafb44""","Friday","09:00 AM","05:00 PM","30","""2026-08-03T13:37:40.873Z""","""2026-08-03T13:37:40.873Z""","0"
"""6a7099a40770fd734ecafb4a""","""6a7099a40770fd734ecafb44""","Saturday","09:00 AM","05:00 PM","30","""2026-08-03T13:37:40.875Z""","""2026-08-03T13:37:40.875Z""","0"
"""6a7099a40770fd734ecafb4d""","""6a7099a40770fd734ecafb4c""","Monday","09:00 AM","05:00 PM","30","""2026-08-03T13:37:40.883Z""","""2026-08-03T13:37:40.883Z""","0"
"""6a7099a40770fd734ecafb4e""","""6a7099a40770fd734ecafb4c""","Tuesday","09:00 AM","05:00 PM","30","""2026-08-03T13:37:40.886Z""","""2026-08-03T13:37:40.886Z""","0"
"""6a7099a40770fd734ecafb4f""","""6a7099a40770fd734ecafb4c""","Wednesday","09:00 AM","05:00 PM","30","""2026-08-03T13:37:40.888Z""","""2026-08-03T13:37:40.888Z""","0"
"""6a7099a40770fd734ecafb50""","""6a7099a40770fd734ecafb4c""","Thursday","09:00 AM","05:00 PM","30","""2026-08-03T13:37:40.889Z""","""2026-08-03T13:37:40.889Z""","0"
"""6a7099a40770fd734ecafb51""","""6a7099a40770fd734ecafb4c""","Friday","09:00 AM","05:00 PM","30","""2026-08-03T13:37:40.891Z""","""2026-08-03T13:37:40.891Z""","0"
"""6a7099a40770fd734ecafb52""","""6a7099a40770fd734ecafb4c""","Saturday","09:00 AM","05:00 PM","30","""2026-08-03T13:37:40.895Z""","""2026-08-03T13:37:40.895Z""","0"
"""6a7099a40770fd734ecafb55""","""6a7099a40770fd734ecafb54""","Monday","09:00 AM","05:00 PM","30","""2026-08-03T13:37:40.902Z""","""2026-08-03T13:37:40.902Z""","0"
"""6a7099a40770fd734ecafb56""","""6a7099a40770fd734ecafb54""","Tuesday","09:00 AM","05:00 PM","30","""2026-08-03T13:37:40.904Z""","""2026-08-03T13:37:40.904Z""","0"
"""6a7099a40770fd734ecafb57""","""6a7099a40770fd734ecafb54""","Wednesday","09:00 AM","05:00 PM","30","""2026-08-03T13:37:40.906Z""","""2026-08-03T13:37:40.906Z""","0"
"""6a7099a40770fd734ecafb58""","""6a7099a40770fd734ecafb54""","Thursday","09:00 AM","05:00 PM","30","""2026-08-03T13:37:40.908Z""","""2026-08-03T13:37:40.908Z""","0"
"""6a7099a40770fd734ecafb59""","""6a7099a40770fd734ecafb54""","Friday","09:00 AM","05:00 PM","30","""2026-08-03T13:37:40.910Z""","""2026-08-03T13:37:40.910Z""","0"
"""6a7099a40770fd734ecafb5a""","""6a7099a40770fd734ecafb54""","Saturday","09:00 AM","05:00 PM","30","""2026-08-03T13:37:40.912Z""","""2026-08-03T13:37:40.912Z""","0"
"""6a7099a40770fd734ecafb5d""","""6a7099a40770fd734ecafb5c""","Monday","09:00 AM","05:00 PM","30","""2026-08-03T13:37:40.919Z""","""2026-08-03T13:37:40.919Z""","0"
"""6a7099a40770fd734ecafb5e""","""6a7099a40770fd734ecafb5c""","Tuesday","09:00 AM","05:00 PM","30","""2026-08-03T13:37:40.922Z""","""2026-08-03T13:37:40.922Z""","0"
"""6a7099a40770fd734ecafb5f""","""6a7099a40770fd734ecafb5c""","Wednesday","09:00 AM","05:00 PM","30","""2026-08-03T13:37:40.924Z""","""2026-08-03T13:37:40.924Z""","0"
"""6a7099a40770fd734ecafb60""","""6a7099a40770fd734ecafb5c""","Thursday","09:00 AM","05:00 PM","30","""2026-08-03T13:37:40.926Z""","""2026-08-03T13:37:40.926Z""","0"
"""6a7099a40770fd734ecafb61""","""6a7099a40770fd734ecafb5c""","Friday","09:00 AM","05:00 PM","30","""2026-08-03T13:37:40.927Z""","""2026-08-03T13:37:40.927Z""","0"
"""6a7099a40770fd734ecafb62""","""6a7099a40770fd734ecafb5c""","Saturday","09:00 AM","05:00 PM","30","""2026-08-03T13:37:40.931Z""","""2026-08-03T13:37:40.931Z""","0"
"""6a7099a40770fd734ecafb65""","""6a7099a40770fd734ecafb64""","Monday","09:00 AM","05:00 PM","30","""2026-08-03T13:37:40.937Z""","""2026-08-03T13:37:40.937Z""","0"
"""6a7099a40770fd734ecafb66""","""6a7099a40770fd734ecafb64""","Tuesday","09:00 AM","05:00 PM","30","""2026-08-03T13:37:40.939Z""","""2026-08-03T13:37:40.939Z""","0"
"""6a7099a40770fd734ecafb67""","""6a7099a40770fd734ecafb64""","Wednesday","09:00 AM","05:00 PM","30","""2026-08-03T13:37:40.940Z""","""2026-08-03T13:37:40.940Z""","0"
"""6a7099a40770fd734ecafb68""","""6a7099a40770fd734ecafb64""","Thursday","09:00 AM","05:00 PM","30","""2026-08-03T13:37:40.942Z""","""2026-08-03T13:37:40.942Z""","0"
"""6a7099a40770fd734ecafb69""","""6a7099a40770fd734ecafb64""","Friday","09:00 AM","05:00 PM","30","""2026-08-03T13:37:40.944Z""","""2026-08-03T13:37:40.944Z""","0"
"""6a7099a40770fd734ecafb6a""","""6a7099a40770fd734ecafb64""","Saturday","09:00 AM","05:00 PM","30","""2026-08-03T13:37:40.946Z""","""2026-08-03T13:37:40.946Z""","0"
"""6a7099a40770fd734ecafb6d""","""6a7099a40770fd734ecafb6c""","Monday","09:00 AM","05:00 PM","30","""2026-08-03T13:37:40.953Z""","""2026-08-03T13:37:40.953Z""","0"
"""6a7099a40770fd734ecafb6e""","""6a7099a40770fd734ecafb6c""","Tuesday","09:00 AM","05:00 PM","30","""2026-08-03T13:37:40.954Z""","""2026-08-03T13:37:40.954Z""","0"
"""6a7099a40770fd734ecafb6f""","""6a7099a40770fd734ecafb6c""","Wednesday","09:00 AM","05:00 PM","30","""2026-08-03T13:37:40.956Z""","""2026-08-03T13:37:40.956Z""","0"
"""6a7099a40770fd734ecafb70""","""6a7099a40770fd734ecafb6c""","Thursday","09:00 AM","05:00 PM","30","""2026-08-03T13:37:40.958Z""","""2026-08-03T13:37:40.958Z""","0"
"""6a7099a40770fd734ecafb71""","""6a7099a40770fd734ecafb6c""","Friday","09:00 AM","05:00 PM","30","""2026-08-03T13:37:40.959Z""","""2026-08-03T13:37:40.959Z""","0"
"""6a7099a40770fd734ecafb72""","""6a7099a40770fd734ecafb6c""","Saturday","09:00 AM","05:00 PM","30","""2026-08-03T13:37:40.961Z""","""2026-08-03T13:37:40.961Z""","0"
"""6a7099a40770fd734ecafb75""","""6a7099a40770fd734ecafb74""","Monday","09:00 AM","05:00 PM","30","""2026-08-03T13:37:40.967Z""","""2026-08-03T13:37:40.967Z""","0"
"""6a7099a40770fd734ecafb76""","""6a7099a40770fd734ecafb74""","Tuesday","09:00 AM","05:00 PM","30","""2026-08-03T13:37:40.968Z""","""2026-08-03T13:37:40.968Z""","0"
"""6a7099a40770fd734ecafb77""","""6a7099a40770fd734ecafb74""","Wednesday","09:00 AM","05:00 PM","30","""2026-08-03T13:37:40.970Z""","""2026-08-03T13:37:40.970Z""","0"
"""6a7099a40770fd734ecafb78""","""6a7099a40770fd734ecafb74""","Thursday","09:00 AM","05:00 PM","30","""2026-08-03T13:37:40.972Z""","""2026-08-03T13:37:40.972Z""","0"
"""6a7099a40770fd734ecafb79""","""6a7099a40770fd734ecafb74""","Friday","09:00 AM","05:00 PM","30","""2026-08-03T13:37:40.973Z""","""2026-08-03T13:37:40.973Z""","0"
"""6a7099a40770fd734ecafb7a""","""6a7099a40770fd734ecafb74""","Saturday","09:00 AM","05:00 PM","30","""2026-08-03T13:37:40.975Z""","""2026-08-03T13:37:40.975Z""","0"
"""6a7099a40770fd734ecafb7d""","""6a7099a40770fd734ecafb7c""","Monday","09:00 AM","05:00 PM","30","""2026-08-03T13:37:40.981Z""","""2026-08-03T13:37:40.981Z""","0"
"""6a7099a40770fd734ecafb7e""","""6a7099a40770fd734ecafb7c""","Tuesday","09:00 AM","05:00 PM","30","""2026-08-03T13:37:40.983Z""","""2026-08-03T13:37:40.983Z""","0"
"""6a7099a40770fd734ecafb7f""","""6a7099a40770fd734ecafb7c""","Wednesday","09:00 AM","05:00 PM","30","""2026-08-03T13:37:40.984Z""","""2026-08-03T13:37:40.984Z""","0"
"""6a7099a40770fd734ecafb80""","""6a7099a40770fd734ecafb7c""","Thursday","09:00 AM","05:00 PM","30","""2026-08-03T13:37:40.986Z""","""2026-08-03T13:37:40.986Z""","0"
"""6a7099a40770fd734ecafb81""","""6a7099a40770fd734ecafb7c""","Friday","09:00 AM","05:00 PM","30","""2026-08-03T13:37:40.987Z""","""2026-08-03T13:37:40.987Z""","0"
"""6a7099a40770fd734ecafb82""","""6a7099a40770fd734ecafb7c""","Saturday","09:00 AM","05:00 PM","30","""2026-08-03T13:37:40.989Z""","""2026-08-03T13:37:40.989Z""","0"
"""6a7099a40770fd734ecafb85""","""6a7099a40770fd734ecafb84""","Monday","09:00 AM","05:00 PM","30","""2026-08-03T13:37:40.994Z""","""2026-08-03T13:37:40.994Z""","0"
"""6a7099a40770fd734ecafb86""","""6a7099a40770fd734ecafb84""","Tuesday","09:00 AM","05:00 PM","30","""2026-08-03T13:37:40.996Z""","""2026-08-03T13:37:40.996Z""","0"
"""6a7099a40770fd734ecafb87""","""6a7099a40770fd734ecafb84""","Wednesday","09:00 AM","05:00 PM","30","""2026-08-03T13:37:40.998Z""","""2026-08-03T13:37:40.998Z""","0"
"""6a7099a40770fd734ecafb88""","""6a7099a40770fd734ecafb84""","Thursday","09:00 AM","05:00 PM","30","""2026-08-03T13:37:40.999Z""","""2026-08-03T13:37:40.999Z""","0"
"""6a7099a50770fd734ecafb89""","""6a7099a40770fd734ecafb84""","Friday","09:00 AM","05:00 PM","30","""2026-08-03T13:37:41.001Z""","""2026-08-03T13:37:41.001Z""","0"
"""6a7099a50770fd734ecafb8a""","""6a7099a40770fd734ecafb84""","Saturday","09:00 AM","05:00 PM","30","""2026-08-03T13:37:41.003Z""","""2026-08-03T13:37:41.003Z""","0"
"""6a7099a50770fd734ecafb8d""","""6a7099a50770fd734ecafb8c""","Monday","09:00 AM","05:00 PM","30","""2026-08-03T13:37:41.009Z""","""2026-08-03T13:37:41.009Z""","0"
"""6a7099a50770fd734ecafb8e""","""6a7099a50770fd734ecafb8c""","Tuesday","09:00 AM","05:00 PM","30","""2026-08-03T13:37:41.011Z""","""2026-08-03T13:37:41.011Z""","0"
"""6a7099a50770fd734ecafb8f""","""6a7099a50770fd734ecafb8c""","Wednesday","09:00 AM","05:00 PM","30","""2026-08-03T13:37:41.014Z""","""2026-08-03T13:37:41.014Z""","0"
"""6a7099a50770fd734ecafb90""","""6a7099a50770fd734ecafb8c""","Thursday","09:00 AM","05:00 PM","30","""2026-08-03T13:37:41.015Z""","""2026-08-03T13:37:41.015Z""","0"
"""6a7099a50770fd734ecafb91""","""6a7099a50770fd734ecafb8c""","Friday","09:00 AM","05:00 PM","30","""2026-08-03T13:37:41.017Z""","""2026-08-03T13:37:41.017Z""","0"
"""6a7099a50770fd734ecafb92""","""6a7099a50770fd734ecafb8c""","Saturday","09:00 AM","05:00 PM","30","""2026-08-03T13:37:41.019Z""","""2026-08-03T13:37:41.019Z""","0"
"""6a7099a50770fd734ecafb95""","""6a7099a50770fd734ecafb94""","Monday","09:00 AM","05:00 PM","30","""2026-08-03T13:37:41.024Z""","""2026-08-03T13:37:41.024Z""","0"
"""6a7099a50770fd734ecafb96""","""6a7099a50770fd734ecafb94""","Tuesday","09:00 AM","05:00 PM","30","""2026-08-03T13:37:41.026Z""","""2026-08-03T13:37:41.026Z""","0"
"""6a7099a50770fd734ecafb97""","""6a7099a50770fd734ecafb94""","Wednesday","09:00 AM","05:00 PM","30","""2026-08-03T13:37:41.028Z""","""2026-08-03T13:37:41.028Z""","0"
"""6a7099a50770fd734ecafb98""","""6a7099a50770fd734ecafb94""","Thursday","09:00 AM","05:00 PM","30","""2026-08-03T13:37:41.030Z""","""2026-08-03T13:37:41.030Z""","0"
"""6a7099a50770fd734ecafb99""","""6a7099a50770fd734ecafb94""","Friday","09:00 AM","05:00 PM","30","""2026-08-03T13:37:41.031Z""","""2026-08-03T13:37:41.031Z""","0"
"""6a7099a50770fd734ecafb9a""","""6a7099a50770fd734ecafb94""","Saturday","09:00 AM","05:00 PM","30","""2026-08-03T13:37:41.033Z""","""2026-08-03T13:37:41.033Z""","0"
"""6a7099a50770fd734ecafb9d""","""6a7099a50770fd734ecafb9c""","Monday","09:00 AM","05:00 PM","30","""2026-08-03T13:37:41.038Z""","""2026-08-03T13:37:41.038Z""","0"
"""6a7099a50770fd734ecafb9e""","""6a7099a50770fd734ecafb9c""","Tuesday","09:00 AM","05:00 PM","30","""2026-08-03T13:37:41.039Z""","""2026-08-03T13:37:41.039Z""","0"
"""6a7099a50770fd734ecafb9f""","""6a7099a50770fd734ecafb9c""","Wednesday","09:00 AM","05:00 PM","30","""2026-08-03T13:37:41.041Z""","""2026-08-03T13:37:41.041Z""","0"
"""6a7099a50770fd734ecafba0""","""6a7099a50770fd734ecafb9c""","Thursday","09:00 AM","05:00 PM","30","""2026-08-03T13:37:41.043Z""","""2026-08-03T13:37:41.043Z""","0"
"""6a7099a50770fd734ecafba1""","""6a7099a50770fd734ecafb9c""","Friday","09:00 AM","05:00 PM","30","""2026-08-03T13:37:41.045Z""","""2026-08-03T13:37:41.045Z""","0"
"""6a7099a50770fd734ecafba2""","""6a7099a50770fd734ecafb9c""","Saturday","09:00 AM","05:00 PM","30","""2026-08-03T13:37:41.047Z""","""2026-08-03T13:37:41.047Z""","0"
"""6a7099a50770fd734ecafba5""","""6a7099a50770fd734ecafba4""","Monday","09:00 AM","05:00 PM","30","""2026-08-03T13:37:41.055Z""","""2026-08-03T13:37:41.055Z""","0"
"""6a7099a50770fd734ecafba6""","""6a7099a50770fd734ecafba4""","Tuesday","09:00 AM","05:00 PM","30","""2026-08-03T13:37:41.057Z""","""2026-08-03T13:37:41.057Z""","0"
"""6a7099a50770fd734ecafba7""","""6a7099a50770fd734ecafba4""","Wednesday","09:00 AM","05:00 PM","30","""2026-08-03T13:37:41.061Z""","""2026-08-03T13:37:41.061Z""","0"
"""6a7099a50770fd734ecafba8""","""6a7099a50770fd734ecafba4""","Thursday","09:00 AM","05:00 PM","30","""2026-08-03T13:37:41.063Z""","""2026-08-03T13:37:41.063Z""","0"
"""6a7099a50770fd734ecafba9""","""6a7099a50770fd734ecafba4""","Friday","09:00 AM","05:00 PM","30","""2026-08-03T13:37:41.065Z""","""2026-08-03T13:37:41.065Z""","0"
"""6a7099a50770fd734ecafbaa""","""6a7099a50770fd734ecafba4""","Saturday","09:00 AM","05:00 PM","30","""2026-08-03T13:37:41.067Z""","""2026-08-03T13:37:41.067Z""","0"
"""6a7099a50770fd734ecafbad""","""6a7099a50770fd734ecafbac""","Monday","09:00 AM","05:00 PM","30","""2026-08-03T13:37:41.073Z""","""2026-08-03T13:37:41.073Z""","0"
"""6a7099a50770fd734ecafbae""","""6a7099a50770fd734ecafbac""","Tuesday","09:00 AM","05:00 PM","30","""2026-08-03T13:37:41.075Z""","""2026-08-03T13:37:41.075Z""","0"
"""6a7099a50770fd734ecafbaf""","""6a7099a50770fd734ecafbac""","Wednesday","09:00 AM","05:00 PM","30","""2026-08-03T13:37:41.076Z""","""2026-08-03T13:37:41.076Z""","0"
"""6a7099a50770fd734ecafbb0""","""6a7099a50770fd734ecafbac""","Thursday","09:00 AM","05:00 PM","30","""2026-08-03T13:37:41.078Z""","""2026-08-03T13:37:41.078Z""","0"
"""6a7099a50770fd734ecafbb1""","""6a7099a50770fd734ecafbac""","Friday","09:00 AM","05:00 PM","30","""2026-08-03T13:37:41.080Z""","""2026-08-03T13:37:41.080Z""","0"
"""6a7099a50770fd734ecafbb2""","""6a7099a50770fd734ecafbac""","Saturday","09:00 AM","05:00 PM","30","""2026-08-03T13:37:41.082Z""","""2026-08-03T13:37:41.082Z""","0"
"""6a7099a50770fd734ecafbb5""","""6a7099a50770fd734ecafbb4""","Monday","09:00 AM","05:00 PM","30","""2026-08-03T13:37:41.088Z""","""2026-08-03T13:37:41.088Z""","0"
"""6a7099a50770fd734ecafbb6""","""6a7099a50770fd734ecafbb4""","Tuesday","09:00 AM","05:00 PM","30","""2026-08-03T13:37:41.090Z""","""2026-08-03T13:37:41.090Z""","0"
"""6a7099a50770fd734ecafbb7""","""6a7099a50770fd734ecafbb4""","Wednesday","09:00 AM","05:00 PM","30","""2026-08-03T13:37:41.092Z""","""2026-08-03T13:37:41.092Z""","0"
"""6a7099a50770fd734ecafbb8""","""6a7099a50770fd734ecafbb4""","Thursday","09:00 AM","05:00 PM","30","""2026-08-03T13:37:41.094Z""","""2026-08-03T13:37:41.094Z""","0"
"""6a7099a50770fd734ecafbb9""","""6a7099a50770fd734ecafbb4""","Friday","09:00 AM","05:00 PM","30","""2026-08-03T13:37:41.096Z""","""2026-08-03T13:37:41.096Z""","0"
"""6a7099a50770fd734ecafbba""","""6a7099a50770fd734ecafbb4""","Saturday","09:00 AM","05:00 PM","30","""2026-08-03T13:37:41.098Z""","""2026-08-03T13:37:41.098Z""","0"
"""6a7099a50770fd734ecafbbd""","""6a7099a50770fd734ecafbbc""","Monday","09:00 AM","05:00 PM","30","""2026-08-03T13:37:41.104Z""","""2026-08-03T13:37:41.104Z""","0"
"""6a7099a50770fd734ecafbbe""","""6a7099a50770fd734ecafbbc""","Tuesday","09:00 AM","05:00 PM","30","""2026-08-03T13:37:41.105Z""","""2026-08-03T13:37:41.105Z""","0"
"""6a7099a50770fd734ecafbbf""","""6a7099a50770fd734ecafbbc""","Wednesday","09:00 AM","05:00 PM","30","""2026-08-03T13:37:41.107Z""","""2026-08-03T13:37:41.107Z""","0"
"""6a7099a50770fd734ecafbc0""","""6a7099a50770fd734ecafbbc""","Thursday","09:00 AM","05:00 PM","30","""2026-08-03T13:37:41.109Z""","""2026-08-03T13:37:41.109Z""","0"
"""6a7099a50770fd734ecafbc1""","""6a7099a50770fd734ecafbbc""","Friday","09:00 AM","05:00 PM","30","""2026-08-03T13:37:41.111Z""","""2026-08-03T13:37:41.111Z""","0"
"""6a7099a50770fd734ecafbc2""","""6a7099a50770fd734ecafbbc""","Saturday","09:00 AM","05:00 PM","30","""2026-08-03T13:37:41.113Z""","""2026-08-03T13:37:41.113Z""","0"
"""6a7099a50770fd734ecafbc5""","""6a7099a50770fd734ecafbc4""","Monday","09:00 AM","05:00 PM","30","""2026-08-03T13:37:41.119Z""","""2026-08-03T13:37:41.119Z""","0"
"""6a7099a50770fd734ecafbc6""","""6a7099a50770fd734ecafbc4""","Tuesday","09:00 AM","05:00 PM","30","""2026-08-03T13:37:41.121Z""","""2026-08-03T13:37:41.121Z""","0"
"""6a7099a50770fd734ecafbc7""","""6a7099a50770fd734ecafbc4""","Wednesday","09:00 AM","05:00 PM","30","""2026-08-03T13:37:41.123Z""","""2026-08-03T13:37:41.123Z""","0"
"""6a7099a50770fd734ecafbc8""","""6a7099a50770fd734ecafbc4""","Thursday","09:00 AM","05:00 PM","30","""2026-08-03T13:37:41.124Z""","""2026-08-03T13:37:41.124Z""","0"
"""6a7099a50770fd734ecafbc9""","""6a7099a50770fd734ecafbc4""","Friday","09:00 AM","05:00 PM","30","""2026-08-03T13:37:41.126Z""","""2026-08-03T13:37:41.126Z""","0"
"""6a7099a50770fd734ecafbca""","""6a7099a50770fd734ecafbc4""","Saturday","09:00 AM","05:00 PM","30","""2026-08-03T13:37:41.128Z""","""2026-08-03T13:37:41.128Z""","0"
"""6a7099a50770fd734ecafbcd""","""6a7099a50770fd734ecafbcc""","Monday","09:00 AM","05:00 PM","30","""2026-08-03T13:37:41.133Z""","""2026-08-03T13:37:41.133Z""","0"
"""6a7099a50770fd734ecafbce""","""6a7099a50770fd734ecafbcc""","Tuesday","09:00 AM","05:00 PM","30","""2026-08-03T13:37:41.135Z""","""2026-08-03T13:37:41.135Z""","0"
"""6a7099a50770fd734ecafbcf""","""6a7099a50770fd734ecafbcc""","Wednesday","09:00 AM","05:00 PM","30","""2026-08-03T13:37:41.137Z""","""2026-08-03T13:37:41.137Z""","0"
"""6a7099a50770fd734ecafbd0""","""6a7099a50770fd734ecafbcc""","Thursday","09:00 AM","05:00 PM","30","""2026-08-03T13:37:41.139Z""","""2026-08-03T13:37:41.139Z""","0"
"""6a7099a50770fd734ecafbd1""","""6a7099a50770fd734ecafbcc""","Friday","09:00 AM","05:00 PM","30","""2026-08-03T13:37:41.140Z""","""2026-08-03T13:37:41.140Z""","0"
"""6a7099a50770fd734ecafbd2""","""6a7099a50770fd734ecafbcc""","Saturday","09:00 AM","05:00 PM","30","""2026-08-03T13:37:41.142Z""","""2026-08-03T13:37:41.142Z""","0"
"""6a7099a50770fd734ecafbd5""","""6a7099a50770fd734ecafbd4""","Monday","09:00 AM","05:00 PM","30","""2026-08-03T13:37:41.148Z""","""2026-08-03T13:37:41.148Z""","0"
"""6a7099a50770fd734ecafbd6""","""6a7099a50770fd734ecafbd4""","Tuesday","09:00 AM","05:00 PM","30","""2026-08-03T13:37:41.150Z""","""2026-08-03T13:37:41.150Z""","0"
"""6a7099a50770fd734ecafbd7""","""6a7099a50770fd734ecafbd4""","Wednesday","09:00 AM","05:00 PM","30","""2026-08-03T13:37:41.151Z""","""2026-08-03T13:37:41.151Z""","0"
"""6a7099a50770fd734ecafbd8""","""6a7099a50770fd734ecafbd4""","Thursday","09:00 AM","05:00 PM","30","""2026-08-03T13:37:41.153Z""","""2026-08-03T13:37:41.153Z""","0"
"""6a7099a50770fd734ecafbd9""","""6a7099a50770fd734ecafbd4""","Friday","09:00 AM","05:00 PM","30","""2026-08-03T13:37:41.155Z""","""2026-08-03T13:37:41.155Z""","0"
"""6a7099a50770fd734ecafbda""","""6a7099a50770fd734ecafbd4""","Saturday","09:00 AM","05:00 PM","30","""2026-08-03T13:37:41.156Z""","""2026-08-03T13:37:41.156Z""","0"
"""6a7099a50770fd734ecafbdd""","""6a7099a50770fd734ecafbdc""","Monday","09:00 AM","05:00 PM","30","""2026-08-03T13:37:41.161Z""","""2026-08-03T13:37:41.161Z""","0"
"""6a7099a50770fd734ecafbde""","""6a7099a50770fd734ecafbdc""","Tuesday","09:00 AM","05:00 PM","30","""2026-08-03T13:37:41.163Z""","""2026-08-03T13:37:41.163Z""","0"
"""6a7099a50770fd734ecafbdf""","""6a7099a50770fd734ecafbdc""","Wednesday","09:00 AM","05:00 PM","30","""2026-08-03T13:37:41.165Z""","""2026-08-03T13:37:41.165Z""","0"
"""6a7099a50770fd734ecafbe0""","""6a7099a50770fd734ecafbdc""","Thursday","09:00 AM","05:00 PM","30","""2026-08-03T13:37:41.166Z""","""2026-08-03T13:37:41.166Z""","0"
"""6a7099a50770fd734ecafbe1""","""6a7099a50770fd734ecafbdc""","Friday","09:00 AM","05:00 PM","30","""2026-08-03T13:37:41.168Z""","""2026-08-03T13:37:41.168Z""","0"
"""6a7099a50770fd734ecafbe2""","""6a7099a50770fd734ecafbdc""","Saturday","09:00 AM","05:00 PM","30","""2026-08-03T13:37:41.170Z""","""2026-08-03T13:37:41.170Z""","0"
"""6a7099a50770fd734ecafbe5""","""6a7099a50770fd734ecafbe4""","Monday","09:00 AM","05:00 PM","30","""2026-08-03T13:37:41.174Z""","""2026-08-03T13:37:41.174Z""","0"
"""6a7099a50770fd734ecafbe6""","""6a7099a50770fd734ecafbe4""","Tuesday","09:00 AM","05:00 PM","30","""2026-08-03T13:37:41.176Z""","""2026-08-03T13:37:41.176Z""","0"
"""6a7099a50770fd734ecafbe7""","""6a7099a50770fd734ecafbe4""","Wednesday","09:00 AM","05:00 PM","30","""2026-08-03T13:37:41.178Z""","""2026-08-03T13:37:41.178Z""","0"
"""6a7099a50770fd734ecafbe8""","""6a7099a50770fd734ecafbe4""","Thursday","09:00 AM","05:00 PM","30","""2026-08-03T13:37:41.180Z""","""2026-08-03T13:37:41.180Z""","0"
"""6a7099a50770fd734ecafbe9""","""6a7099a50770fd734ecafbe4""","Friday","09:00 AM","05:00 PM","30","""2026-08-03T13:37:41.182Z""","""2026-08-03T13:37:41.182Z""","0"
"""6a7099a50770fd734ecafbea""","""6a7099a50770fd734ecafbe4""","Saturday","09:00 AM","05:00 PM","30","""2026-08-03T13:37:41.184Z""","""2026-08-03T13:37:41.184Z""","0"
"""6a7099a50770fd734ecafbed""","""6a7099a50770fd734ecafbec""","Monday","09:00 AM","05:00 PM","30","""2026-08-03T13:37:41.189Z""","""2026-08-03T13:37:41.189Z""","0"
"""6a7099a50770fd734ecafbee""","""6a7099a50770fd734ecafbec""","Tuesday","09:00 AM","05:00 PM","30","""2026-08-03T13:37:41.191Z""","""2026-08-03T13:37:41.191Z""","0"
"""6a7099a50770fd734ecafbef""","""6a7099a50770fd734ecafbec""","Wednesday","09:00 AM","05:00 PM","30","""2026-08-03T13:37:41.193Z""","""2026-08-03T13:37:41.193Z""","0"
"""6a7099a50770fd734ecafbf0""","""6a7099a50770fd734ecafbec""","Thursday","09:00 AM","05:00 PM","30","""2026-08-03T13:37:41.194Z""","""2026-08-03T13:37:41.194Z""","0"
"""6a7099a50770fd734ecafbf1""","""6a7099a50770fd734ecafbec""","Friday","09:00 AM","05:00 PM","30","""2026-08-03T13:37:41.196Z""","""2026-08-03T13:37:41.196Z""","0"
"""6a7099a50770fd734ecafbf2""","""6a7099a50770fd734ecafbec""","Saturday","09:00 AM","05:00 PM","30","""2026-08-03T13:37:41.198Z""","""2026-08-03T13:37:41.198Z""","0"
"""6a7099a50770fd734ecafbf5""","""6a7099a50770fd734ecafbf4""","Monday","09:00 AM","05:00 PM","30","""2026-08-03T13:37:41.204Z""","""2026-08-03T13:37:41.204Z""","0"
"""6a7099a50770fd734ecafbf6""","""6a7099a50770fd734ecafbf4""","Tuesday","09:00 AM","05:00 PM","30","""2026-08-03T13:37:41.205Z""","""2026-08-03T13:37:41.205Z""","0"
"""6a7099a50770fd734ecafbf7""","""6a7099a50770fd734ecafbf4""","Wednesday","09:00 AM","05:00 PM","30","""2026-08-03T13:37:41.207Z""","""2026-08-03T13:37:41.207Z""","0"
"""6a7099a50770fd734ecafbf8""","""6a7099a50770fd734ecafbf4""","Thursday","09:00 AM","05:00 PM","30","""2026-08-03T13:37:41.209Z""","""2026-08-03T13:37:41.209Z""","0"
"""6a7099a50770fd734ecafbf9""","""6a7099a50770fd734ecafbf4""","Friday","09:00 AM","05:00 PM","30","""2026-08-03T13:37:41.211Z""","""2026-08-03T13:37:41.211Z""","0"
"""6a7099a50770fd734ecafbfa""","""6a7099a50770fd734ecafbf4""","Saturday","09:00 AM","05:00 PM","30","""2026-08-03T13:37:41.213Z""","""2026-08-03T13:37:41.213Z""","0"
"""6a7099a50770fd734ecafbfd""","""6a7099a50770fd734ecafbfc""","Monday","09:00 AM","05:00 PM","30","""2026-08-03T13:37:41.219Z""","""2026-08-03T13:37:41.219Z""","0"
"""6a7099a50770fd734ecafbfe""","""6a7099a50770fd734ecafbfc""","Tuesday","09:00 AM","05:00 PM","30","""2026-08-03T13:37:41.220Z""","""2026-08-03T13:37:41.220Z""","0"
"""6a7099a50770fd734ecafbff""","""6a7099a50770fd734ecafbfc""","Wednesday","09:00 AM","05:00 PM","30","""2026-08-03T13:37:41.222Z""","""2026-08-03T13:37:41.222Z""","0"
"""6a7099a50770fd734ecafc00""","""6a7099a50770fd734ecafbfc""","Thursday","09:00 AM","05:00 PM","30","""2026-08-03T13:37:41.223Z""","""2026-08-03T13:37:41.223Z""","0"
"""6a7099a50770fd734ecafc01""","""6a7099a50770fd734ecafbfc""","Friday","09:00 AM","05:00 PM","30","""2026-08-03T13:37:41.225Z""","""2026-08-03T13:37:41.225Z""","0"
"""6a7099a50770fd734ecafc02""","""6a7099a50770fd734ecafbfc""","Saturday","09:00 AM","05:00 PM","30","""2026-08-03T13:37:41.227Z""","""2026-08-03T13:37:41.227Z""","0"
"""6a7099a50770fd734ecafc05""","""6a7099a50770fd734ecafc04""","Monday","09:00 AM","05:00 PM","30","""2026-08-03T13:37:41.232Z""","""2026-08-03T13:37:41.232Z""","0"
"""6a7099a50770fd734ecafc06""","""6a7099a50770fd734ecafc04""","Tuesday","09:00 AM","05:00 PM","30","""2026-08-03T13:37:41.234Z""","""2026-08-03T13:37:41.234Z""","0"
"""6a7099a50770fd734ecafc07""","""6a7099a50770fd734ecafc04""","Wednesday","09:00 AM","05:00 PM","30","""2026-08-03T13:37:41.236Z""","""2026-08-03T13:37:41.236Z""","0"
"""6a7099a50770fd734ecafc08""","""6a7099a50770fd734ecafc04""","Thursday","09:00 AM","05:00 PM","30","""2026-08-03T13:37:41.237Z""","""2026-08-03T13:37:41.237Z""","0"
"""6a7099a50770fd734ecafc09""","""6a7099a50770fd734ecafc04""","Friday","09:00 AM","05:00 PM","30","""2026-08-03T13:37:41.239Z""","""2026-08-03T13:37:41.239Z""","0"
"""6a7099a50770fd734ecafc0a""","""6a7099a50770fd734ecafc04""","Saturday","09:00 AM","05:00 PM","30","""2026-08-03T13:37:41.240Z""","""2026-08-03T13:37:41.240Z""","0"
"""6a7099a50770fd734ecafc0d""","""6a7099a50770fd734ecafc0c""","Monday","09:00 AM","05:00 PM","30","""2026-08-03T13:37:41.246Z""","""2026-08-03T13:37:41.246Z""","0"
"""6a7099a50770fd734ecafc0e""","""6a7099a50770fd734ecafc0c""","Tuesday","09:00 AM","05:00 PM","30","""2026-08-03T13:37:41.248Z""","""2026-08-03T13:37:41.248Z""","0"
"""6a7099a50770fd734ecafc0f""","""6a7099a50770fd734ecafc0c""","Wednesday","09:00 AM","05:00 PM","30","""2026-08-03T13:37:41.251Z""","""2026-08-03T13:37:41.251Z""","0"
"""6a7099a50770fd734ecafc10""","""6a7099a50770fd734ecafc0c""","Thursday","09:00 AM","05:00 PM","30","""2026-08-03T13:37:41.253Z""","""2026-08-03T13:37:41.253Z""","0"
"""6a7099a50770fd734ecafc11""","""6a7099a50770fd734ecafc0c""","Friday","09:00 AM","05:00 PM","30","""2026-08-03T13:37:41.255Z""","""2026-08-03T13:37:41.255Z""","0"
"""6a7099a50770fd734ecafc12""","""6a7099a50770fd734ecafc0c""","Saturday","09:00 AM","05:00 PM","30","""2026-08-03T13:37:41.256Z""","""2026-08-03T13:37:41.256Z""","0"
"""6a7099a50770fd734ecafc15""","""6a7099a50770fd734ecafc14""","Monday","09:00 AM","05:00 PM","30","""2026-08-03T13:37:41.262Z""","""2026-08-03T13:37:41.262Z""","0"
"""6a7099a50770fd734ecafc16""","""6a7099a50770fd734ecafc14""","Tuesday","09:00 AM","05:00 PM","30","""2026-08-03T13:37:41.264Z""","""2026-08-03T13:37:41.264Z""","0"
"""6a7099a50770fd734ecafc17""","""6a7099a50770fd734ecafc14""","Wednesday","09:00 AM","05:00 PM","30","""2026-08-03T13:37:41.266Z""","""2026-08-03T13:37:41.266Z""","0"
"""6a7099a50770fd734ecafc18""","""6a7099a50770fd734ecafc14""","Thursday","09:00 AM","05:00 PM","30","""2026-08-03T13:37:41.267Z""","""2026-08-03T13:37:41.267Z""","0"
"""6a7099a50770fd734ecafc19""","""6a7099a50770fd734ecafc14""","Friday","09:00 AM","05:00 PM","30","""2026-08-03T13:37:41.269Z""","""2026-08-03T13:37:41.269Z""","0"
"""6a7099a50770fd734ecafc1a""","""6a7099a50770fd734ecafc14""","Saturday","09:00 AM","05:00 PM","30","""2026-08-03T13:37:41.271Z""","""2026-08-03T13:37:41.271Z""","0"
"""6a7099a50770fd734ecafc1d""","""6a7099a50770fd734ecafc1c""","Monday","09:00 AM","05:00 PM","30","""2026-08-03T13:37:41.276Z""","""2026-08-03T13:37:41.276Z""","0"
"""6a7099a50770fd734ecafc1e""","""6a7099a50770fd734ecafc1c""","Tuesday","09:00 AM","05:00 PM","30","""2026-08-03T13:37:41.278Z""","""2026-08-03T13:37:41.278Z""","0"
"""6a7099a50770fd734ecafc1f""","""6a7099a50770fd734ecafc1c""","Wednesday","09:00 AM","05:00 PM","30","""2026-08-03T13:37:41.280Z""","""2026-08-03T13:37:41.280Z""","0"
"""6a7099a50770fd734ecafc20""","""6a7099a50770fd734ecafc1c""","Thursday","09:00 AM","05:00 PM","30","""2026-08-03T13:37:41.281Z""","""2026-08-03T13:37:41.281Z""","0"
"""6a7099a50770fd734ecafc21""","""6a7099a50770fd734ecafc1c""","Friday","09:00 AM","05:00 PM","30","""2026-08-03T13:37:41.283Z""","""2026-08-03T13:37:41.283Z""","0"
"""6a7099a50770fd734ecafc22""","""6a7099a50770fd734ecafc1c""","Saturday","09:00 AM","05:00 PM","30","""2026-08-03T13:37:41.285Z""","""2026-08-03T13:37:41.285Z""","0"
"""6a7099a50770fd734ecafc25""","""6a7099a50770fd734ecafc24""","Monday","09:00 AM","05:00 PM","30","""2026-08-03T13:37:41.290Z""","""2026-08-03T13:37:41.290Z""","0"
"""6a7099a50770fd734ecafc26""","""6a7099a50770fd734ecafc24""","Tuesday","09:00 AM","05:00 PM","30","""2026-08-03T13:37:41.292Z""","""2026-08-03T13:37:41.292Z""","0"
"""6a7099a50770fd734ecafc27""","""6a7099a50770fd734ecafc24""","Wednesday","09:00 AM","05:00 PM","30","""2026-08-03T13:37:41.294Z""","""2026-08-03T13:37:41.294Z""","0"
"""6a7099a50770fd734ecafc28""","""6a7099a50770fd734ecafc24""","Thursday","09:00 AM","05:00 PM","30","""2026-08-03T13:37:41.296Z""","""2026-08-03T13:37:41.296Z""","0"
"""6a7099a50770fd734ecafc29""","""6a7099a50770fd734ecafc24""","Friday","09:00 AM","05:00 PM","30","""2026-08-03T13:37:41.299Z""","""2026-08-03T13:37:41.299Z""","0"
"""6a7099a50770fd734ecafc2a""","""6a7099a50770fd734ecafc24""","Saturday","09:00 AM","05:00 PM","30","""2026-08-03T13:37:41.301Z""","""2026-08-03T13:37:41.301Z""","0"
"""6a7099a50770fd734ecafc2d""","""6a7099a50770fd734ecafc2c""","Monday","09:00 AM","05:00 PM","30","""2026-08-03T13:37:41.306Z""","""2026-08-03T13:37:41.306Z""","0"
"""6a7099a50770fd734ecafc2e""","""6a7099a50770fd734ecafc2c""","Tuesday","09:00 AM","05:00 PM","30","""2026-08-03T13:37:41.308Z""","""2026-08-03T13:37:41.308Z""","0"
"""6a7099a50770fd734ecafc2f""","""6a7099a50770fd734ecafc2c""","Wednesday","09:00 AM","05:00 PM","30","""2026-08-03T13:37:41.310Z""","""2026-08-03T13:37:41.310Z""","0"
"""6a7099a50770fd734ecafc30""","""6a7099a50770fd734ecafc2c""","Thursday","09:00 AM","05:00 PM","30","""2026-08-03T13:37:41.311Z""","""2026-08-03T13:37:41.311Z""","0"
"""6a7099a50770fd734ecafc31""","""6a7099a50770fd734ecafc2c""","Friday","09:00 AM","05:00 PM","30","""2026-08-03T13:37:41.313Z""","""2026-08-03T13:37:41.313Z""","0"
"""6a7099a50770fd734ecafc32""","""6a7099a50770fd734ecafc2c""","Saturday","09:00 AM","05:00 PM","30","""2026-08-03T13:37:41.315Z""","""2026-08-03T13:37:41.315Z""","0"
"""6a7099a50770fd734ecafc35""","""6a7099a50770fd734ecafc34""","Monday","09:00 AM","05:00 PM","30","""2026-08-03T13:37:41.320Z""","""2026-08-03T13:37:41.320Z""","0"
"""6a7099a50770fd734ecafc36""","""6a7099a50770fd734ecafc34""","Tuesday","09:00 AM","05:00 PM","30","""2026-08-03T13:37:41.322Z""","""2026-08-03T13:37:41.322Z""","0"
"""6a7099a50770fd734ecafc37""","""6a7099a50770fd734ecafc34""","Wednesday","09:00 AM","05:00 PM","30","""2026-08-03T13:37:41.323Z""","""2026-08-03T13:37:41.323Z""","0"
"""6a7099a50770fd734ecafc38""","""6a7099a50770fd734ecafc34""","Thursday","09:00 AM","05:00 PM","30","""2026-08-03T13:37:41.325Z""","""2026-08-03T13:37:41.325Z""","0"
"""6a7099a50770fd734ecafc39""","""6a7099a50770fd734ecafc34""","Friday","09:00 AM","05:00 PM","30","""2026-08-03T13:37:41.326Z""","""2026-08-03T13:37:41.326Z""","0"
"""6a7099a50770fd734ecafc3a""","""6a7099a50770fd734ecafc34""","Saturday","09:00 AM","05:00 PM","30","""2026-08-03T13:37:41.328Z""","""2026-08-03T13:37:41.328Z""","0"
"""6a7099a50770fd734ecafc3d""","""6a7099a50770fd734ecafc3c""","Monday","09:00 AM","05:00 PM","30","""2026-08-03T13:37:41.333Z""","""2026-08-03T13:37:41.333Z""","0"
"""6a7099a50770fd734ecafc3e""","""6a7099a50770fd734ecafc3c""","Tuesday","09:00 AM","05:00 PM","30","""2026-08-03T13:37:41.335Z""","""2026-08-03T13:37:41.335Z""","0"
"""6a7099a50770fd734ecafc3f""","""6a7099a50770fd734ecafc3c""","Wednesday","09:00 AM","05:00 PM","30","""2026-08-03T13:37:41.337Z""","""2026-08-03T13:37:41.337Z""","0"
"""6a7099a50770fd734ecafc40""","""6a7099a50770fd734ecafc3c""","Thursday","09:00 AM","05:00 PM","30","""2026-08-03T13:37:41.338Z""","""2026-08-03T13:37:41.338Z""","0"
"""6a7099a50770fd734ecafc41""","""6a7099a50770fd734ecafc3c""","Friday","09:00 AM","05:00 PM","30","""2026-08-03T13:37:41.340Z""","""2026-08-03T13:37:41.340Z""","0"
"""6a7099a50770fd734ecafc42""","""6a7099a50770fd734ecafc3c""","Saturday","09:00 AM","05:00 PM","30","""2026-08-03T13:37:41.342Z""","""2026-08-03T13:37:41.342Z""","0"
"""6a7099a50770fd734ecafc45""","""6a7099a50770fd734ecafc44""","Monday","09:00 AM","05:00 PM","30","""2026-08-03T13:37:41.347Z""","""2026-08-03T13:37:41.347Z""","0"
"""6a7099a50770fd734ecafc46""","""6a7099a50770fd734ecafc44""","Tuesday","09:00 AM","05:00 PM","30","""2026-08-03T13:37:41.349Z""","""2026-08-03T13:37:41.349Z""","0"
"""6a7099a50770fd734ecafc47""","""6a7099a50770fd734ecafc44""","Wednesday","09:00 AM","05:00 PM","30","""2026-08-03T13:37:41.351Z""","""2026-08-03T13:37:41.351Z""","0"
"""6a7099a50770fd734ecafc48""","""6a7099a50770fd734ecafc44""","Thursday","09:00 AM","05:00 PM","30","""2026-08-03T13:37:41.352Z""","""2026-08-03T13:37:41.352Z""","0"
"""6a7099a50770fd734ecafc49""","""6a7099a50770fd734ecafc44""","Friday","09:00 AM","05:00 PM","30","""2026-08-03T13:37:41.354Z""","""2026-08-03T13:37:41.354Z""","0"
"""6a7099a50770fd734ecafc4a""","""6a7099a50770fd734ecafc44""","Saturday","09:00 AM","05:00 PM","30","""2026-08-03T13:37:41.356Z""","""2026-08-03T13:37:41.356Z""","0"
"""6a7099a50770fd734ecafc4d""","""6a7099a50770fd734ecafc4c""","Monday","09:00 AM","05:00 PM","30","""2026-08-03T13:37:41.361Z""","""2026-08-03T13:37:41.361Z""","0"
"""6a7099a50770fd734ecafc4e""","""6a7099a50770fd734ecafc4c""","Tuesday","09:00 AM","05:00 PM","30","""2026-08-03T13:37:41.363Z""","""2026-08-03T13:37:41.363Z""","0"
"""6a7099a50770fd734ecafc4f""","""6a7099a50770fd734ecafc4c""","Wednesday","09:00 AM","05:00 PM","30","""2026-08-03T13:37:41.365Z""","""2026-08-03T13:37:41.365Z""","0"
"""6a7099a50770fd734ecafc50""","""6a7099a50770fd734ecafc4c""","Thursday","09:00 AM","05:00 PM","30","""2026-08-03T13:37:41.366Z""","""2026-08-03T13:37:41.366Z""","0"
"""6a7099a50770fd734ecafc51""","""6a7099a50770fd734ecafc4c""","Friday","09:00 AM","05:00 PM","30","""2026-08-03T13:37:41.368Z""","""2026-08-03T13:37:41.368Z""","0"
"""6a7099a50770fd734ecafc52""","""6a7099a50770fd734ecafc4c""","Saturday","09:00 AM","05:00 PM","30","""2026-08-03T13:37:41.369Z""","""2026-08-03T13:37:41.369Z""","0"
"""6a7099a50770fd734ecafc55""","""6a7099a50770fd734ecafc54""","Monday","09:00 AM","05:00 PM","30","""2026-08-03T13:37:41.374Z""","""2026-08-03T13:37:41.374Z""","0"
"""6a7099a50770fd734ecafc56""","""6a7099a50770fd734ecafc54""","Tuesday","09:00 AM","05:00 PM","30","""2026-08-03T13:37:41.375Z""","""2026-08-03T13:37:41.375Z""","0"
"""6a7099a50770fd734ecafc57""","""6a7099a50770fd734ecafc54""","Wednesday","09:00 AM","05:00 PM","30","""2026-08-03T13:37:41.377Z""","""2026-08-03T13:37:41.377Z""","0"
"""6a7099a50770fd734ecafc58""","""6a7099a50770fd734ecafc54""","Thursday","09:00 AM","05:00 PM","30","""2026-08-03T13:37:41.379Z""","""2026-08-03T13:37:41.379Z""","0"
"""6a7099a50770fd734ecafc59""","""6a7099a50770fd734ecafc54""","Friday","09:00 AM","05:00 PM","30","""2026-08-03T13:37:41.381Z""","""2026-08-03T13:37:41.381Z""","0"
"""6a7099a50770fd734ecafc5a""","""6a7099a50770fd734ecafc54""","Saturday","09:00 AM","05:00 PM","30","""2026-08-03T13:37:41.383Z""","""2026-08-03T13:37:41.383Z""","0"
"""6a7099a50770fd734ecafc5d""","""6a7099a50770fd734ecafc5c""","Monday","09:00 AM","05:00 PM","30","""2026-08-03T13:37:41.389Z""","""2026-08-03T13:37:41.389Z""","0"
"""6a7099a50770fd734ecafc5e""","""6a7099a50770fd734ecafc5c""","Tuesday","09:00 AM","05:00 PM","30","""2026-08-03T13:37:41.391Z""","""2026-08-03T13:37:41.391Z""","0"
"""6a7099a50770fd734ecafc5f""","""6a7099a50770fd734ecafc5c""","Wednesday","09:00 AM","05:00 PM","30","""2026-08-03T13:37:41.393Z""","""2026-08-03T13:37:41.393Z""","0"
"""6a7099a50770fd734ecafc60""","""6a7099a50770fd734ecafc5c""","Thursday","09:00 AM","05:00 PM","30","""2026-08-03T13:37:41.395Z""","""2026-08-03T13:37:41.395Z""","0"
"""6a7099a50770fd734ecafc61""","""6a7099a50770fd734ecafc5c""","Friday","09:00 AM","05:00 PM","30","""2026-08-03T13:37:41.396Z""","""2026-08-03T13:37:41.396Z""","0"
"""6a7099a50770fd734ecafc62""","""6a7099a50770fd734ecafc5c""","Saturday","09:00 AM","05:00 PM","30","""2026-08-03T13:37:41.398Z""","""2026-08-03T13:37:41.398Z""","0"
"""6a7099a50770fd734ecafc65""","""6a7099a50770fd734ecafc64""","Monday","09:00 AM","05:00 PM","30","""2026-08-03T13:37:41.404Z""","""2026-08-03T13:37:41.404Z""","0"
"""6a7099a50770fd734ecafc66""","""6a7099a50770fd734ecafc64""","Tuesday","09:00 AM","05:00 PM","30","""2026-08-03T13:37:41.406Z""","""2026-08-03T13:37:41.406Z""","0"
"""6a7099a50770fd734ecafc67""","""6a7099a50770fd734ecafc64""","Wednesday","09:00 AM","05:00 PM","30","""2026-08-03T13:37:41.407Z""","""2026-08-03T13:37:41.407Z""","0"
"""6a7099a50770fd734ecafc68""","""6a7099a50770fd734ecafc64""","Thursday","09:00 AM","05:00 PM","30","""2026-08-03T13:37:41.409Z""","""2026-08-03T13:37:41.409Z""","0"
"""6a7099a50770fd734ecafc69""","""6a7099a50770fd734ecafc64""","Friday","09:00 AM","05:00 PM","30","""2026-08-03T13:37:41.410Z""","""2026-08-03T13:37:41.410Z""","0"
"""6a7099a50770fd734ecafc6a""","""6a7099a50770fd734ecafc64""","Saturday","09:00 AM","05:00 PM","30","""2026-08-03T13:37:41.412Z""","""2026-08-03T13:37:41.412Z""","0"
"""6a7099a50770fd734ecafc6d""","""6a7099a50770fd734ecafc6c""","Monday","09:00 AM","05:00 PM","30","""2026-08-03T13:37:41.418Z""","""2026-08-03T13:37:41.418Z""","0"
"""6a7099a50770fd734ecafc6e""","""6a7099a50770fd734ecafc6c""","Tuesday","09:00 AM","05:00 PM","30","""2026-08-03T13:37:41.420Z""","""2026-08-03T13:37:41.420Z""","0"
"""6a7099a50770fd734ecafc6f""","""6a7099a50770fd734ecafc6c""","Wednesday","09:00 AM","05:00 PM","30","""2026-08-03T13:37:41.421Z""","""2026-08-03T13:37:41.421Z""","0"
"""6a7099a50770fd734ecafc70""","""6a7099a50770fd734ecafc6c""","Thursday","09:00 AM","05:00 PM","30","""2026-08-03T13:37:41.423Z""","""2026-08-03T13:37:41.423Z""","0"
"""6a7099a50770fd734ecafc71""","""6a7099a50770fd734ecafc6c""","Friday","09:00 AM","05:00 PM","30","""2026-08-03T13:37:41.425Z""","""2026-08-03T13:37:41.425Z""","0"
"""6a7099a50770fd734ecafc72""","""6a7099a50770fd734ecafc6c""","Saturday","09:00 AM","05:00 PM","30","""2026-08-03T13:37:41.426Z""","""2026-08-03T13:37:41.426Z""","0"
"""6a7099a50770fd734ecafc75""","""6a7099a50770fd734ecafc74""","Monday","09:00 AM","05:00 PM","30","""2026-08-03T13:37:41.432Z""","""2026-08-03T13:37:41.432Z""","0"
"""6a7099a50770fd734ecafc76""","""6a7099a50770fd734ecafc74""","Tuesday","09:00 AM","05:00 PM","30","""2026-08-03T13:37:41.433Z""","""2026-08-03T13:37:41.433Z""","0"
"""6a7099a50770fd734ecafc77""","""6a7099a50770fd734ecafc74""","Wednesday","09:00 AM","05:00 PM","30","""2026-08-03T13:37:41.435Z""","""2026-08-03T13:37:41.435Z""","0"
"""6a7099a50770fd734ecafc78""","""6a7099a50770fd734ecafc74""","Thursday","09:00 AM","05:00 PM","30","""2026-08-03T13:37:41.436Z""","""2026-08-03T13:37:41.436Z""","0"
"""6a7099a50770fd734ecafc79""","""6a7099a50770fd734ecafc74""","Friday","09:00 AM","05:00 PM","30","""2026-08-03T13:37:41.438Z""","""2026-08-03T13:37:41.438Z""","0"
"""6a7099a50770fd734ecafc7a""","""6a7099a50770fd734ecafc74""","Saturday","09:00 AM","05:00 PM","30","""2026-08-03T13:37:41.439Z""","""2026-08-03T13:37:41.439Z""","0"
"""6a7099a50770fd734ecafc7d""","""6a7099a50770fd734ecafc7c""","Monday","09:00 AM","05:00 PM","30","""2026-08-03T13:37:41.444Z""","""2026-08-03T13:37:41.444Z""","0"
"""6a7099a50770fd734ecafc7e""","""6a7099a50770fd734ecafc7c""","Tuesday","09:00 AM","05:00 PM","30","""2026-08-03T13:37:41.446Z""","""2026-08-03T13:37:41.446Z""","0"
"""6a7099a50770fd734ecafc7f""","""6a7099a50770fd734ecafc7c""","Wednesday","09:00 AM","05:00 PM","30","""2026-08-03T13:37:41.448Z""","""2026-08-03T13:37:41.448Z""","0"
"""6a7099a50770fd734ecafc80""","""6a7099a50770fd734ecafc7c""","Thursday","09:00 AM","05:00 PM","30","""2026-08-03T13:37:41.450Z""","""2026-08-03T13:37:41.450Z""","0"
"""6a7099a50770fd734ecafc81""","""6a7099a50770fd734ecafc7c""","Friday","09:00 AM","05:00 PM","30","""2026-08-03T13:37:41.451Z""","""2026-08-03T13:37:41.451Z""","0"
"""6a7099a50770fd734ecafc82""","""6a7099a50770fd734ecafc7c""","Saturday","09:00 AM","05:00 PM","30","""2026-08-03T13:37:41.453Z""","""2026-08-03T13:37:41.453Z""","0"
"""6a7099a50770fd734ecafc85""","""6a7099a50770fd734ecafc84""","Monday","09:00 AM","05:00 PM","30","""2026-08-03T13:37:41.458Z""","""2026-08-03T13:37:41.458Z""","0"
"""6a7099a50770fd734ecafc86""","""6a7099a50770fd734ecafc84""","Tuesday","09:00 AM","05:00 PM","30","""2026-08-03T13:37:41.459Z""","""2026-08-03T13:37:41.459Z""","0"
"""6a7099a50770fd734ecafc87""","""6a7099a50770fd734ecafc84""","Wednesday","09:00 AM","05:00 PM","30","""2026-08-03T13:37:41.462Z""","""2026-08-03T13:37:41.462Z""","0"
"""6a7099a50770fd734ecafc88""","""6a7099a50770fd734ecafc84""","Thursday","09:00 AM","05:00 PM","30","""2026-08-03T13:37:41.463Z""","""2026-08-03T13:37:41.463Z""","0"
"""6a7099a50770fd734ecafc89""","""6a7099a50770fd734ecafc84""","Friday","09:00 AM","05:00 PM","30","""2026-08-03T13:37:41.465Z""","""2026-08-03T13:37:41.465Z""","0"
"""6a7099a50770fd734ecafc8a""","""6a7099a50770fd734ecafc84""","Saturday","09:00 AM","05:00 PM","30","""2026-08-03T13:37:41.467Z""","""2026-08-03T13:37:41.467Z""","0"
"""6a7099a50770fd734ecafc8d""","""6a7099a50770fd734ecafc8c""","Monday","09:00 AM","05:00 PM","30","""2026-08-03T13:37:41.472Z""","""2026-08-03T13:37:41.472Z""","0"
"""6a7099a50770fd734ecafc8e""","""6a7099a50770fd734ecafc8c""","Tuesday","09:00 AM","05:00 PM","30","""2026-08-03T13:37:41.473Z""","""2026-08-03T13:37:41.473Z""","0"
"""6a7099a50770fd734ecafc8f""","""6a7099a50770fd734ecafc8c""","Wednesday","09:00 AM","05:00 PM","30","""2026-08-03T13:37:41.475Z""","""2026-08-03T13:37:41.475Z""","0"
"""6a7099a50770fd734ecafc90""","""6a7099a50770fd734ecafc8c""","Thursday","09:00 AM","05:00 PM","30","""2026-08-03T13:37:41.477Z""","""2026-08-03T13:37:41.477Z""","0"
"""6a7099a50770fd734ecafc91""","""6a7099a50770fd734ecafc8c""","Friday","09:00 AM","05:00 PM","30","""2026-08-03T13:37:41.479Z""","""2026-08-03T13:37:41.479Z""","0"
"""6a7099a50770fd734ecafc92""","""6a7099a50770fd734ecafc8c""","Saturday","09:00 AM","05:00 PM","30","""2026-08-03T13:37:41.481Z""","""2026-08-03T13:37:41.481Z""","0"
"""6a7099a50770fd734ecafc95""","""6a7099a50770fd734ecafc94""","Monday","09:00 AM","05:00 PM","30","""2026-08-03T13:37:41.486Z""","""2026-08-03T13:37:41.486Z""","0"
"""6a7099a50770fd734ecafc96""","""6a7099a50770fd734ecafc94""","Tuesday","09:00 AM","05:00 PM","30","""2026-08-03T13:37:41.488Z""","""2026-08-03T13:37:41.488Z""","0"
"""6a7099a50770fd734ecafc97""","""6a7099a50770fd734ecafc94""","Wednesday","09:00 AM","05:00 PM","30","""2026-08-03T13:37:41.489Z""","""2026-08-03T13:37:41.489Z""","0"
"""6a7099a50770fd734ecafc98""","""6a7099a50770fd734ecafc94""","Thursday","09:00 AM","05:00 PM","30","""2026-08-03T13:37:41.491Z""","""2026-08-03T13:37:41.491Z""","0"
"""6a7099a50770fd734ecafc99""","""6a7099a50770fd734ecafc94""","Friday","09:00 AM","05:00 PM","30","""2026-08-03T13:37:41.493Z""","""2026-08-03T13:37:41.493Z""","0"
"""6a7099a50770fd734ecafc9a""","""6a7099a50770fd734ecafc94""","Saturday","09:00 AM","05:00 PM","30","""2026-08-03T13:37:41.495Z""","""2026-08-03T13:37:41.495Z""","0"
"""6a7099a50770fd734ecafc9d""","""6a7099a50770fd734ecafc9c""","Monday","09:00 AM","05:00 PM","30","""2026-08-03T13:37:41.500Z""","""2026-08-03T13:37:41.500Z""","0"
"""6a7099a50770fd734ecafc9e""","""6a7099a50770fd734ecafc9c""","Tuesday","09:00 AM","05:00 PM","30","""2026-08-03T13:37:41.502Z""","""2026-08-03T13:37:41.502Z""","0"
"""6a7099a50770fd734ecafc9f""","""6a7099a50770fd734ecafc9c""","Wednesday","09:00 AM","05:00 PM","30","""2026-08-03T13:37:41.504Z""","""2026-08-03T13:37:41.504Z""","0"
"""6a7099a50770fd734ecafca0""","""6a7099a50770fd734ecafc9c""","Thursday","09:00 AM","05:00 PM","30","""2026-08-03T13:37:41.506Z""","""2026-08-03T13:37:41.506Z""","0"
"""6a7099a50770fd734ecafca1""","""6a7099a50770fd734ecafc9c""","Friday","09:00 AM","05:00 PM","30","""2026-08-03T13:37:41.507Z""","""2026-08-03T13:37:41.507Z""","0"
"""6a7099a50770fd734ecafca2""","""6a7099a50770fd734ecafc9c""","Saturday","09:00 AM","05:00 PM","30","""2026-08-03T13:37:41.509Z""","""2026-08-03T13:37:41.509Z""","0"
"""6a7099a50770fd734ecafca5""","""6a7099a50770fd734ecafca4""","Monday","09:00 AM","05:00 PM","30","""2026-08-03T13:37:41.514Z""","""2026-08-03T13:37:41.514Z""","0"
"""6a7099a50770fd734ecafca6""","""6a7099a50770fd734ecafca4""","Tuesday","09:00 AM","05:00 PM","30","""2026-08-03T13:37:41.516Z""","""2026-08-03T13:37:41.516Z""","0"
"""6a7099a50770fd734ecafca7""","""6a7099a50770fd734ecafca4""","Wednesday","09:00 AM","05:00 PM","30","""2026-08-03T13:37:41.517Z""","""2026-08-03T13:37:41.517Z""","0"
"""6a7099a50770fd734ecafca8""","""6a7099a50770fd734ecafca4""","Thursday","09:00 AM","05:00 PM","30","""2026-08-03T13:37:41.519Z""","""2026-08-03T13:37:41.519Z""","0"
"""6a7099a50770fd734ecafca9""","""6a7099a50770fd734ecafca4""","Friday","09:00 AM","05:00 PM","30","""2026-08-03T13:37:41.521Z""","""2026-08-03T13:37:41.521Z""","0"
"""6a7099a50770fd734ecafcaa""","""6a7099a50770fd734ecafca4""","Saturday","09:00 AM","05:00 PM","30","""2026-08-03T13:37:41.522Z""","""2026-08-03T13:37:41.522Z""","0"
"""6a7099a50770fd734ecafcad""","""6a7099a50770fd734ecafcac""","Monday","09:00 AM","05:00 PM","30","""2026-08-03T13:37:41.528Z""","""2026-08-03T13:37:41.528Z""","0"
"""6a7099a50770fd734ecafcae""","""6a7099a50770fd734ecafcac""","Tuesday","09:00 AM","05:00 PM","30","""2026-08-03T13:37:41.529Z""","""2026-08-03T13:37:41.529Z""","0"
"""6a7099a50770fd734ecafcaf""","""6a7099a50770fd734ecafcac""","Wednesday","09:00 AM","05:00 PM","30","""2026-08-03T13:37:41.531Z""","""2026-08-03T13:37:41.531Z""","0"
"""6a7099a50770fd734ecafcb0""","""6a7099a50770fd734ecafcac""","Thursday","09:00 AM","05:00 PM","30","""2026-08-03T13:37:41.533Z""","""2026-08-03T13:37:41.533Z""","0"
"""6a7099a50770fd734ecafcb1""","""6a7099a50770fd734ecafcac""","Friday","09:00 AM","05:00 PM","30","""2026-08-03T13:37:41.535Z""","""2026-08-03T13:37:41.535Z""","0"
"""6a7099a50770fd734ecafcb2""","""6a7099a50770fd734ecafcac""","Saturday","09:00 AM","05:00 PM","30","""2026-08-03T13:37:41.536Z""","""2026-08-03T13:37:41.536Z""","0"
"""6a7099a50770fd734ecafcb5""","""6a7099a50770fd734ecafcb4""","Monday","09:00 AM","05:00 PM","30","""2026-08-03T13:37:41.541Z""","""2026-08-03T13:37:41.541Z""","0"
"""6a7099a50770fd734ecafcb6""","""6a7099a50770fd734ecafcb4""","Tuesday","09:00 AM","05:00 PM","30","""2026-08-03T13:37:41.542Z""","""2026-08-03T13:37:41.542Z""","0"
"""6a7099a50770fd734ecafcb7""","""6a7099a50770fd734ecafcb4""","Wednesday","09:00 AM","05:00 PM","30","""2026-08-03T13:37:41.544Z""","""2026-08-03T13:37:41.544Z""","0"
"""6a7099a50770fd734ecafcb8""","""6a7099a50770fd734ecafcb4""","Thursday","09:00 AM","05:00 PM","30","""2026-08-03T13:37:41.546Z""","""2026-08-03T13:37:41.546Z""","0"
"""6a7099a50770fd734ecafcb9""","""6a7099a50770fd734ecafcb4""","Friday","09:00 AM","05:00 PM","30","""2026-08-03T13:37:41.547Z""","""2026-08-03T13:37:41.547Z""","0"
"""6a7099a50770fd734ecafcba""","""6a7099a50770fd734ecafcb4""","Saturday","09:00 AM","05:00 PM","30","""2026-08-03T13:37:41.549Z""","""2026-08-03T13:37:41.549Z""","0"
"""6a7099a50770fd734ecafcbd""","""6a7099a50770fd734ecafcbc""","Monday","09:00 AM","05:00 PM","30","""2026-08-03T13:37:41.554Z""","""2026-08-03T13:37:41.554Z""","0"
"""6a7099a50770fd734ecafcbe""","""6a7099a50770fd734ecafcbc""","Tuesday","09:00 AM","05:00 PM","30","""2026-08-03T13:37:41.556Z""","""2026-08-03T13:37:41.556Z""","0"
"""6a7099a50770fd734ecafcbf""","""6a7099a50770fd734ecafcbc""","Wednesday","09:00 AM","05:00 PM","30","""2026-08-03T13:37:41.557Z""","""2026-08-03T13:37:41.557Z""","0"
"""6a7099a50770fd734ecafcc0""","""6a7099a50770fd734ecafcbc""","Thursday","09:00 AM","05:00 PM","30","""2026-08-03T13:37:41.559Z""","""2026-08-03T13:37:41.559Z""","0"
"""6a7099a50770fd734ecafcc1""","""6a7099a50770fd734ecafcbc""","Friday","09:00 AM","05:00 PM","30","""2026-08-03T13:37:41.561Z""","""2026-08-03T13:37:41.561Z""","0"
"""6a7099a50770fd734ecafcc2""","""6a7099a50770fd734ecafcbc""","Saturday","09:00 AM","05:00 PM","30","""2026-08-03T13:37:41.563Z""","""2026-08-03T13:37:41.563Z""","0"
"""6a7099a50770fd734ecafcc5""","""6a7099a50770fd734ecafcc4""","Monday","09:00 AM","05:00 PM","30","""2026-08-03T13:37:41.569Z""","""2026-08-03T13:37:41.569Z""","0"
"""6a7099a50770fd734ecafcc6""","""6a7099a50770fd734ecafcc4""","Tuesday","09:00 AM","05:00 PM","30","""2026-08-03T13:37:41.570Z""","""2026-08-03T13:37:41.570Z""","0"
"""6a7099a50770fd734ecafcc7""","""6a7099a50770fd734ecafcc4""","Wednesday","09:00 AM","05:00 PM","30","""2026-08-03T13:37:41.572Z""","""2026-08-03T13:37:41.572Z""","0"
"""6a7099a50770fd734ecafcc8""","""6a7099a50770fd734ecafcc4""","Thursday","09:00 AM","05:00 PM","30","""2026-08-03T13:37:41.573Z""","""2026-08-03T13:37:41.573Z""","0"
"""6a7099a50770fd734ecafcc9""","""6a7099a50770fd734ecafcc4""","Friday","09:00 AM","05:00 PM","30","""2026-08-03T13:37:41.575Z""","""2026-08-03T13:37:41.575Z""","0"
"""6a7099a50770fd734ecafcca""","""6a7099a50770fd734ecafcc4""","Saturday","09:00 AM","05:00 PM","30","""2026-08-03T13:37:41.577Z""","""2026-08-03T13:37:41.577Z""","0"
"""6a7099a50770fd734ecafccd""","""6a7099a50770fd734ecafccc""","Monday","09:00 AM","05:00 PM","30","""2026-08-03T13:37:41.584Z""","""2026-08-03T13:37:41.584Z""","0"
"""6a7099a50770fd734ecafcce""","""6a7099a50770fd734ecafccc""","Tuesday","09:00 AM","05:00 PM","30","""2026-08-03T13:37:41.586Z""","""2026-08-03T13:37:41.586Z""","0"
"""6a7099a50770fd734ecafccf""","""6a7099a50770fd734ecafccc""","Wednesday","09:00 AM","05:00 PM","30","""2026-08-03T13:37:41.588Z""","""2026-08-03T13:37:41.588Z""","0"
"""6a7099a50770fd734ecafcd0""","""6a7099a50770fd734ecafccc""","Thursday","09:00 AM","05:00 PM","30","""2026-08-03T13:37:41.590Z""","""2026-08-03T13:37:41.590Z""","0"
"""6a7099a50770fd734ecafcd1""","""6a7099a50770fd734ecafccc""","Friday","09:00 AM","05:00 PM","30","""2026-08-03T13:37:41.592Z""","""2026-08-03T13:37:41.592Z""","0"
"""6a7099a50770fd734ecafcd2""","""6a7099a50770fd734ecafccc""","Saturday","09:00 AM","05:00 PM","30","""2026-08-03T13:37:41.593Z""","""2026-08-03T13:37:41.593Z""","0"
"""6a7099a50770fd734ecafcd5""","""6a7099a50770fd734ecafcd4""","Monday","09:00 AM","05:00 PM","30","""2026-08-03T13:37:41.600Z""","""2026-08-03T13:37:41.600Z""","0"
"""6a7099a50770fd734ecafcd6""","""6a7099a50770fd734ecafcd4""","Tuesday","09:00 AM","05:00 PM","30","""2026-08-03T13:37:41.601Z""","""2026-08-03T13:37:41.601Z""","0"
"""6a7099a50770fd734ecafcd7""","""6a7099a50770fd734ecafcd4""","Wednesday","09:00 AM","05:00 PM","30","""2026-08-03T13:37:41.603Z""","""2026-08-03T13:37:41.603Z""","0"
"""6a7099a50770fd734ecafcd8""","""6a7099a50770fd734ecafcd4""","Thursday","09:00 AM","05:00 PM","30","""2026-08-03T13:37:41.604Z""","""2026-08-03T13:37:41.604Z""","0"
"""6a7099a50770fd734ecafcd9""","""6a7099a50770fd734ecafcd4""","Friday","09:00 AM","05:00 PM","30","""2026-08-03T13:37:41.606Z""","""2026-08-03T13:37:41.606Z""","0"
"""6a7099a50770fd734ecafcda""","""6a7099a50770fd734ecafcd4""","Saturday","09:00 AM","05:00 PM","30","""2026-08-03T13:37:41.608Z""","""2026-08-03T13:37:41.608Z""","0"
"""6a7099a50770fd734ecafcdd""","""6a7099a50770fd734ecafcdc""","Monday","09:00 AM","05:00 PM","30","""2026-08-03T13:37:41.613Z""","""2026-08-03T13:37:41.613Z""","0"
"""6a7099a50770fd734ecafcde""","""6a7099a50770fd734ecafcdc""","Tuesday","09:00 AM","05:00 PM","30","""2026-08-03T13:37:41.615Z""","""2026-08-03T13:37:41.615Z""","0"
"""6a7099a50770fd734ecafcdf""","""6a7099a50770fd734ecafcdc""","Wednesday","09:00 AM","05:00 PM","30","""2026-08-03T13:37:41.617Z""","""2026-08-03T13:37:41.617Z""","0"
"""6a7099a50770fd734ecafce0""","""6a7099a50770fd734ecafcdc""","Thursday","09:00 AM","05:00 PM","30","""2026-08-03T13:37:41.618Z""","""2026-08-03T13:37:41.618Z""","0"
"""6a7099a50770fd734ecafce1""","""6a7099a50770fd734ecafcdc""","Friday","09:00 AM","05:00 PM","30","""2026-08-03T13:37:41.620Z""","""2026-08-03T13:37:41.620Z""","0"
"""6a7099a50770fd734ecafce2""","""6a7099a50770fd734ecafcdc""","Saturday","09:00 AM","05:00 PM","30","""2026-08-03T13:37:41.621Z""","""2026-08-03T13:37:41.621Z""","0"
"""6a7099a50770fd734ecafce5""","""6a7099a50770fd734ecafce4""","Monday","09:00 AM","05:00 PM","30","""2026-08-03T13:37:41.626Z""","""2026-08-03T13:37:41.626Z""","0"
"""6a7099a50770fd734ecafce6""","""6a7099a50770fd734ecafce4""","Tuesday","09:00 AM","05:00 PM","30","""2026-08-03T13:37:41.628Z""","""2026-08-03T13:37:41.628Z""","0"
"""6a7099a50770fd734ecafce7""","""6a7099a50770fd734ecafce4""","Wednesday","09:00 AM","05:00 PM","30","""2026-08-03T13:37:41.630Z""","""2026-08-03T13:37:41.630Z""","0"
"""6a7099a50770fd734ecafce8""","""6a7099a50770fd734ecafce4""","Thursday","09:00 AM","05:00 PM","30","""2026-08-03T13:37:41.631Z""","""2026-08-03T13:37:41.631Z""","0"
"""6a7099a50770fd734ecafce9""","""6a7099a50770fd734ecafce4""","Friday","09:00 AM","05:00 PM","30","""2026-08-03T13:37:41.633Z""","""2026-08-03T13:37:41.633Z""","0"
"""6a7099a50770fd734ecafcea""","""6a7099a50770fd734ecafce4""","Saturday","09:00 AM","05:00 PM","30","""2026-08-03T13:37:41.635Z""","""2026-08-03T13:37:41.635Z""","0"
"""6a7099a50770fd734ecafced""","""6a7099a50770fd734ecafcec""","Monday","09:00 AM","05:00 PM","30","""2026-08-03T13:37:41.640Z""","""2026-08-03T13:37:41.640Z""","0"
"""6a7099a50770fd734ecafcee""","""6a7099a50770fd734ecafcec""","Tuesday","09:00 AM","05:00 PM","30","""2026-08-03T13:37:41.641Z""","""2026-08-03T13:37:41.641Z""","0"
"""6a7099a50770fd734ecafcef""","""6a7099a50770fd734ecafcec""","Wednesday","09:00 AM","05:00 PM","30","""2026-08-03T13:37:41.643Z""","""2026-08-03T13:37:41.643Z""","0"
"""6a7099a50770fd734ecafcf0""","""6a7099a50770fd734ecafcec""","Thursday","09:00 AM","05:00 PM","30","""2026-08-03T13:37:41.645Z""","""2026-08-03T13:37:41.645Z""","0"
"""6a7099a50770fd734ecafcf1""","""6a7099a50770fd734ecafcec""","Friday","09:00 AM","05:00 PM","30","""2026-08-03T13:37:41.647Z""","""2026-08-03T13:37:41.647Z""","0"
"""6a7099a50770fd734ecafcf2""","""6a7099a50770fd734ecafcec""","Saturday","09:00 AM","05:00 PM","30","""2026-08-03T13:37:41.649Z""","""2026-08-03T13:37:41.649Z""","0"
"""6a7099a50770fd734ecafcf5""","""6a7099a50770fd734ecafcf4""","Monday","09:00 AM","05:00 PM","30","""2026-08-03T13:37:41.653Z""","""2026-08-03T13:37:41.653Z""","0"
"""6a7099a50770fd734ecafcf6""","""6a7099a50770fd734ecafcf4""","Tuesday","09:00 AM","05:00 PM","30","""2026-08-03T13:37:41.655Z""","""2026-08-03T13:37:41.655Z""","0"
"""6a7099a50770fd734ecafcf7""","""6a7099a50770fd734ecafcf4""","Wednesday","09:00 AM","05:00 PM","30","""2026-08-03T13:37:41.656Z""","""2026-08-03T13:37:41.656Z""","0"
"""6a7099a50770fd734ecafcf8""","""6a7099a50770fd734ecafcf4""","Thursday","09:00 AM","05:00 PM","30","""2026-08-03T13:37:41.658Z""","""2026-08-03T13:37:41.658Z""","0"
"""6a7099a50770fd734ecafcf9""","""6a7099a50770fd734ecafcf4""","Friday","09:00 AM","05:00 PM","30","""2026-08-03T13:37:41.659Z""","""2026-08-03T13:37:41.659Z""","0"
"""6a7099a50770fd734ecafcfa""","""6a7099a50770fd734ecafcf4""","Saturday","09:00 AM","05:00 PM","30","""2026-08-03T13:37:41.661Z""","""2026-08-03T13:37:41.661Z""","0"
"""6a7099a50770fd734ecafcfd""","""6a7099a50770fd734ecafcfc""","Monday","09:00 AM","05:00 PM","30","""2026-08-03T13:37:41.667Z""","""2026-08-03T13:37:41.667Z""","0"
"""6a7099a50770fd734ecafcfe""","""6a7099a50770fd734ecafcfc""","Tuesday","09:00 AM","05:00 PM","30","""2026-08-03T13:37:41.669Z""","""2026-08-03T13:37:41.669Z""","0"
"""6a7099a50770fd734ecafcff""","""6a7099a50770fd734ecafcfc""","Wednesday","09:00 AM","05:00 PM","30","""2026-08-03T13:37:41.671Z""","""2026-08-03T13:37:41.671Z""","0"
"""6a7099a50770fd734ecafd00""","""6a7099a50770fd734ecafcfc""","Thursday","09:00 AM","05:00 PM","30","""2026-08-03T13:37:41.672Z""","""2026-08-03T13:37:41.672Z""","0"
"""6a7099a50770fd734ecafd01""","""6a7099a50770fd734ecafcfc""","Friday","09:00 AM","05:00 PM","30","""2026-08-03T13:37:41.674Z""","""2026-08-03T13:37:41.674Z""","0"
"""6a7099a50770fd734ecafd02""","""6a7099a50770fd734ecafcfc""","Saturday","09:00 AM","05:00 PM","30","""2026-08-03T13:37:41.675Z""","""2026-08-03T13:37:41.675Z""","0"
"""6a7099a50770fd734ecafd05""","""6a7099a50770fd734ecafd04""","Monday","09:00 AM","05:00 PM","30","""2026-08-03T13:37:41.681Z""","""2026-08-03T13:37:41.681Z""","0"
"""6a7099a50770fd734ecafd06""","""6a7099a50770fd734ecafd04""","Tuesday","09:00 AM","05:00 PM","30","""2026-08-03T13:37:41.683Z""","""2026-08-03T13:37:41.683Z""","0"
"""6a7099a50770fd734ecafd07""","""6a7099a50770fd734ecafd04""","Wednesday","09:00 AM","05:00 PM","30","""2026-08-03T13:37:41.684Z""","""2026-08-03T13:37:41.684Z""","0"
"""6a7099a50770fd734ecafd08""","""6a7099a50770fd734ecafd04""","Thursday","09:00 AM","05:00 PM","30","""2026-08-03T13:37:41.686Z""","""2026-08-03T13:37:41.686Z""","0"
"""6a7099a50770fd734ecafd09""","""6a7099a50770fd734ecafd04""","Friday","09:00 AM","05:00 PM","30","""2026-08-03T13:37:41.688Z""","""2026-08-03T13:37:41.688Z""","0"
"""6a7099a50770fd734ecafd0a""","""6a7099a50770fd734ecafd04""","Saturday","09:00 AM","05:00 PM","30","""2026-08-03T13:37:41.690Z""","""2026-08-03T13:37:41.690Z""","0"
"""6a7099a50770fd734ecafd0d""","""6a7099a50770fd734ecafd0c""","Monday","09:00 AM","05:00 PM","30","""2026-08-03T13:37:41.696Z""","""2026-08-03T13:37:41.696Z""","0"
"""6a7099a50770fd734ecafd0e""","""6a7099a50770fd734ecafd0c""","Tuesday","09:00 AM","05:00 PM","30","""2026-08-03T13:37:41.698Z""","""2026-08-03T13:37:41.698Z""","0"
"""6a7099a50770fd734ecafd0f""","""6a7099a50770fd734ecafd0c""","Wednesday","09:00 AM","05:00 PM","30","""2026-08-03T13:37:41.700Z""","""2026-08-03T13:37:41.700Z""","0"
"""6a7099a50770fd734ecafd10""","""6a7099a50770fd734ecafd0c""","Thursday","09:00 AM","05:00 PM","30","""2026-08-03T13:37:41.702Z""","""2026-08-03T13:37:41.702Z""","0"
"""6a7099a50770fd734ecafd11""","""6a7099a50770fd734ecafd0c""","Friday","09:00 AM","05:00 PM","30","""2026-08-03T13:37:41.704Z""","""2026-08-03T13:37:41.704Z""","0"
"""6a7099a50770fd734ecafd12""","""6a7099a50770fd734ecafd0c""","Saturday","09:00 AM","05:00 PM","30","""2026-08-03T13:37:41.706Z""","""2026-08-03T13:37:41.706Z""","0"
"""6a7099a50770fd734ecafd15""","""6a7099a50770fd734ecafd14""","Monday","09:00 AM","05:00 PM","30","""2026-08-03T13:37:41.714Z""","""2026-08-03T13:37:41.714Z""","0"
"""6a7099a50770fd734ecafd16""","""6a7099a50770fd734ecafd14""","Tuesday","09:00 AM","05:00 PM","30","""2026-08-03T13:37:41.716Z""","""2026-08-03T13:37:41.716Z""","0"
"""6a7099a50770fd734ecafd17""","""6a7099a50770fd734ecafd14""","Wednesday","09:00 AM","05:00 PM","30","""2026-08-03T13:37:41.718Z""","""2026-08-03T13:37:41.718Z""","0"
"""6a7099a50770fd734ecafd18""","""6a7099a50770fd734ecafd14""","Thursday","09:00 AM","05:00 PM","30","""2026-08-03T13:37:41.720Z""","""2026-08-03T13:37:41.720Z""","0"
"""6a7099a50770fd734ecafd19""","""6a7099a50770fd734ecafd14""","Friday","09:00 AM","05:00 PM","30","""2026-08-03T13:37:41.721Z""","""2026-08-03T13:37:41.721Z""","0"
"""6a7099a50770fd734ecafd1a""","""6a7099a50770fd734ecafd14""","Saturday","09:00 AM","05:00 PM","30","""2026-08-03T13:37:41.723Z""","""2026-08-03T13:37:41.723Z""","0"
"""6a7099a50770fd734ecafd1d""","""6a7099a50770fd734ecafd1c""","Monday","09:00 AM","05:00 PM","30","""2026-08-03T13:37:41.729Z""","""2026-08-03T13:37:41.729Z""","0"
"""6a7099a50770fd734ecafd1e""","""6a7099a50770fd734ecafd1c""","Tuesday","09:00 AM","05:00 PM","30","""2026-08-03T13:37:41.731Z""","""2026-08-03T13:37:41.731Z""","0"
"""6a7099a50770fd734ecafd1f""","""6a7099a50770fd734ecafd1c""","Wednesday","09:00 AM","05:00 PM","30","""2026-08-03T13:37:41.733Z""","""2026-08-03T13:37:41.733Z""","0"
"""6a7099a50770fd734ecafd20""","""6a7099a50770fd734ecafd1c""","Thursday","09:00 AM","05:00 PM","30","""2026-08-03T13:37:41.734Z""","""2026-08-03T13:37:41.734Z""","0"
"""6a7099a50770fd734ecafd21""","""6a7099a50770fd734ecafd1c""","Friday","09:00 AM","05:00 PM","30","""2026-08-03T13:37:41.736Z""","""2026-08-03T13:37:41.736Z""","0"
"""6a7099a50770fd734ecafd22""","""6a7099a50770fd734ecafd1c""","Saturday","09:00 AM","05:00 PM","30","""2026-08-03T13:37:41.738Z""","""2026-08-03T13:37:41.738Z""","0"
"""6a7099a50770fd734ecafd25""","""6a7099a50770fd734ecafd24""","Monday","09:00 AM","05:00 PM","30","""2026-08-03T13:37:41.742Z""","""2026-08-03T13:37:41.742Z""","0"
"""6a7099a50770fd734ecafd26""","""6a7099a50770fd734ecafd24""","Tuesday","09:00 AM","05:00 PM","30","""2026-08-03T13:37:41.744Z""","""2026-08-03T13:37:41.744Z""","0"
"""6a7099a50770fd734ecafd27""","""6a7099a50770fd734ecafd24""","Wednesday","09:00 AM","05:00 PM","30","""2026-08-03T13:37:41.746Z""","""2026-08-03T13:37:41.746Z""","0"
"""6a7099a50770fd734ecafd28""","""6a7099a50770fd734ecafd24""","Thursday","09:00 AM","05:00 PM","30","""2026-08-03T13:37:41.748Z""","""2026-08-03T13:37:41.748Z""","0"
"""6a7099a50770fd734ecafd29""","""6a7099a50770fd734ecafd24""","Friday","09:00 AM","05:00 PM","30","""2026-08-03T13:37:41.750Z""","""2026-08-03T13:37:41.750Z""","0"
"""6a7099a50770fd734ecafd2a""","""6a7099a50770fd734ecafd24""","Saturday","09:00 AM","05:00 PM","30","""2026-08-03T13:37:41.752Z""","""2026-08-03T13:37:41.752Z""","0"
"""6a7099a50770fd734ecafd2d""","""6a7099a50770fd734ecafd2c""","Monday","09:00 AM","05:00 PM","30","""2026-08-03T13:37:41.756Z""","""2026-08-03T13:37:41.756Z""","0"
"""6a7099a50770fd734ecafd2e""","""6a7099a50770fd734ecafd2c""","Tuesday","09:00 AM","05:00 PM","30","""2026-08-03T13:37:41.758Z""","""2026-08-03T13:37:41.758Z""","0"
"""6a7099a50770fd734ecafd2f""","""6a7099a50770fd734ecafd2c""","Wednesday","09:00 AM","05:00 PM","30","""2026-08-03T13:37:41.759Z""","""2026-08-03T13:37:41.759Z""","0"
"""6a7099a50770fd734ecafd30""","""6a7099a50770fd734ecafd2c""","Thursday","09:00 AM","05:00 PM","30","""2026-08-03T13:37:41.761Z""","""2026-08-03T13:37:41.761Z""","0"
"""6a7099a50770fd734ecafd31""","""6a7099a50770fd734ecafd2c""","Friday","09:00 AM","05:00 PM","30","""2026-08-03T13:37:41.763Z""","""2026-08-03T13:37:41.763Z""","0"
"""6a7099a50770fd734ecafd32""","""6a7099a50770fd734ecafd2c""","Saturday","09:00 AM","05:00 PM","30","""2026-08-03T13:37:41.764Z""","""2026-08-03T13:37:41.764Z""","0"
"""6a7099a50770fd734ecafd35""","""6a7099a50770fd734ecafd34""","Monday","09:00 AM","05:00 PM","30","""2026-08-03T13:37:41.769Z""","""2026-08-03T13:37:41.769Z""","0"
"""6a7099a50770fd734ecafd36""","""6a7099a50770fd734ecafd34""","Tuesday","09:00 AM","05:00 PM","30","""2026-08-03T13:37:41.771Z""","""2026-08-03T13:37:41.771Z""","0"
"""6a7099a50770fd734ecafd37""","""6a7099a50770fd734ecafd34""","Wednesday","09:00 AM","05:00 PM","30","""2026-08-03T13:37:41.772Z""","""2026-08-03T13:37:41.772Z""","0"
"""6a7099a50770fd734ecafd38""","""6a7099a50770fd734ecafd34""","Thursday","09:00 AM","05:00 PM","30","""2026-08-03T13:37:41.774Z""","""2026-08-03T13:37:41.774Z""","0"
"""6a7099a50770fd734ecafd39""","""6a7099a50770fd734ecafd34""","Friday","09:00 AM","05:00 PM","30","""2026-08-03T13:37:41.776Z""","""2026-08-03T13:37:41.776Z""","0"
"""6a7099a50770fd734ecafd3a""","""6a7099a50770fd734ecafd34""","Saturday","09:00 AM","05:00 PM","30","""2026-08-03T13:37:41.778Z""","""2026-08-03T13:37:41.778Z""","0"
"""6a7099a50770fd734ecafd3d""","""6a7099a50770fd734ecafd3c""","Monday","09:00 AM","05:00 PM","30","""2026-08-03T13:37:41.783Z""","""2026-08-03T13:37:41.783Z""","0"
"""6a7099a50770fd734ecafd3e""","""6a7099a50770fd734ecafd3c""","Tuesday","09:00 AM","05:00 PM","30","""2026-08-03T13:37:41.784Z""","""2026-08-03T13:37:41.784Z""","0"
"""6a7099a50770fd734ecafd3f""","""6a7099a50770fd734ecafd3c""","Wednesday","09:00 AM","05:00 PM","30","""2026-08-03T13:37:41.786Z""","""2026-08-03T13:37:41.786Z""","0"
"""6a7099a50770fd734ecafd40""","""6a7099a50770fd734ecafd3c""","Thursday","09:00 AM","05:00 PM","30","""2026-08-03T13:37:41.787Z""","""2026-08-03T13:37:41.787Z""","0"
"""6a7099a50770fd734ecafd41""","""6a7099a50770fd734ecafd3c""","Friday","09:00 AM","05:00 PM","30","""2026-08-03T13:37:41.789Z""","""2026-08-03T13:37:41.789Z""","0"
"""6a7099a50770fd734ecafd42""","""6a7099a50770fd734ecafd3c""","Saturday","09:00 AM","05:00 PM","30","""2026-08-03T13:37:41.790Z""","""2026-08-03T13:37:41.790Z""","0"
"""6a7099a50770fd734ecafd45""","""6a7099a50770fd734ecafd44""","Monday","09:00 AM","05:00 PM","30","""2026-08-03T13:37:41.796Z""","""2026-08-03T13:37:41.796Z""","0"
"""6a7099a50770fd734ecafd46""","""6a7099a50770fd734ecafd44""","Tuesday","09:00 AM","05:00 PM","30","""2026-08-03T13:37:41.798Z""","""2026-08-03T13:37:41.798Z""","0"
"""6a7099a50770fd734ecafd47""","""6a7099a50770fd734ecafd44""","Wednesday","09:00 AM","05:00 PM","30","""2026-08-03T13:37:41.800Z""","""2026-08-03T13:37:41.800Z""","0"
"""6a7099a50770fd734ecafd48""","""6a7099a50770fd734ecafd44""","Thursday","09:00 AM","05:00 PM","30","""2026-08-03T13:37:41.801Z""","""2026-08-03T13:37:41.801Z""","0"
"""6a7099a50770fd734ecafd49""","""6a7099a50770fd734ecafd44""","Friday","09:00 AM","05:00 PM","30","""2026-08-03T13:37:41.803Z""","""2026-08-03T13:37:41.803Z""","0"
"""6a7099a50770fd734ecafd4a""","""6a7099a50770fd734ecafd44""","Saturday","09:00 AM","05:00 PM","30","""2026-08-03T13:37:41.804Z""","""2026-08-03T13:37:41.804Z""","0"
"""6a7099a50770fd734ecafd4d""","""6a7099a50770fd734ecafd4c""","Monday","09:00 AM","05:00 PM","30","""2026-08-03T13:37:41.810Z""","""2026-08-03T13:37:41.810Z""","0"
"""6a7099a50770fd734ecafd4e""","""6a7099a50770fd734ecafd4c""","Tuesday","09:00 AM","05:00 PM","30","""2026-08-03T13:37:41.811Z""","""2026-08-03T13:37:41.811Z""","0"
"""6a7099a50770fd734ecafd4f""","""6a7099a50770fd734ecafd4c""","Wednesday","09:00 AM","05:00 PM","30","""2026-08-03T13:37:41.813Z""","""2026-08-03T13:37:41.813Z""","0"
"""6a7099a50770fd734ecafd50""","""6a7099a50770fd734ecafd4c""","Thursday","09:00 AM","05:00 PM","30","""2026-08-03T13:37:41.815Z""","""2026-08-03T13:37:41.815Z""","0"
"""6a7099a50770fd734ecafd51""","""6a7099a50770fd734ecafd4c""","Friday","09:00 AM","05:00 PM","30","""2026-08-03T13:37:41.817Z""","""2026-08-03T13:37:41.817Z""","0"
"""6a7099a50770fd734ecafd52""","""6a7099a50770fd734ecafd4c""","Saturday","09:00 AM","05:00 PM","30","""2026-08-03T13:37:41.819Z""","""2026-08-03T13:37:41.819Z""","0"
"""6a7099a50770fd734ecafd55""","""6a7099a50770fd734ecafd54""","Monday","09:00 AM","05:00 PM","30","""2026-08-03T13:37:41.827Z""","""2026-08-03T13:37:41.827Z""","0"
"""6a7099a50770fd734ecafd56""","""6a7099a50770fd734ecafd54""","Tuesday","09:00 AM","05:00 PM","30","""2026-08-03T13:37:41.829Z""","""2026-08-03T13:37:41.829Z""","0"
"""6a7099a50770fd734ecafd57""","""6a7099a50770fd734ecafd54""","Wednesday","09:00 AM","05:00 PM","30","""2026-08-03T13:37:41.832Z""","""2026-08-03T13:37:41.832Z""","0"
"""6a7099a50770fd734ecafd58""","""6a7099a50770fd734ecafd54""","Thursday","09:00 AM","05:00 PM","30","""2026-08-03T13:37:41.834Z""","""2026-08-03T13:37:41.834Z""","0"
"""6a7099a50770fd734ecafd59""","""6a7099a50770fd734ecafd54""","Friday","09:00 AM","05:00 PM","30","""2026-08-03T13:37:41.837Z""","""2026-08-03T13:37:41.837Z""","0"
"""6a7099a50770fd734ecafd5a""","""6a7099a50770fd734ecafd54""","Saturday","09:00 AM","05:00 PM","30","""2026-08-03T13:37:41.839Z""","""2026-08-03T13:37:41.839Z""","0"
"""6a7099a50770fd734ecafd5d""","""6a7099a50770fd734ecafd5c""","Monday","09:00 AM","05:00 PM","30","""2026-08-03T13:37:41.846Z""","""2026-08-03T13:37:41.846Z""","0"
"""6a7099a50770fd734ecafd5e""","""6a7099a50770fd734ecafd5c""","Tuesday","09:00 AM","05:00 PM","30","""2026-08-03T13:37:41.848Z""","""2026-08-03T13:37:41.848Z""","0"
"""6a7099a50770fd734ecafd5f""","""6a7099a50770fd734ecafd5c""","Wednesday","09:00 AM","05:00 PM","30","""2026-08-03T13:37:41.850Z""","""2026-08-03T13:37:41.850Z""","0"
"""6a7099a50770fd734ecafd60""","""6a7099a50770fd734ecafd5c""","Thursday","09:00 AM","05:00 PM","30","""2026-08-03T13:37:41.852Z""","""2026-08-03T13:37:41.852Z""","0"
"""6a7099a50770fd734ecafd61""","""6a7099a50770fd734ecafd5c""","Friday","09:00 AM","05:00 PM","30","""2026-08-03T13:37:41.854Z""","""2026-08-03T13:37:41.854Z""","0"
"""6a7099a50770fd734ecafd62""","""6a7099a50770fd734ecafd5c""","Saturday","09:00 AM","05:00 PM","30","""2026-08-03T13:37:41.856Z""","""2026-08-03T13:37:41.856Z""","0"
"""6a7099a50770fd734ecafd65""","""6a7099a50770fd734ecafd64""","Monday","09:00 AM","05:00 PM","30","""2026-08-03T13:37:41.862Z""","""2026-08-03T13:37:41.862Z""","0"
"""6a7099a50770fd734ecafd66""","""6a7099a50770fd734ecafd64""","Tuesday","09:00 AM","05:00 PM","30","""2026-08-03T13:37:41.864Z""","""2026-08-03T13:37:41.864Z""","0"
"""6a7099a50770fd734ecafd67""","""6a7099a50770fd734ecafd64""","Wednesday","09:00 AM","05:00 PM","30","""2026-08-03T13:37:41.866Z""","""2026-08-03T13:37:41.866Z""","0"
"""6a7099a50770fd734ecafd68""","""6a7099a50770fd734ecafd64""","Thursday","09:00 AM","05:00 PM","30","""2026-08-03T13:37:41.868Z""","""2026-08-03T13:37:41.868Z""","0"
"""6a7099a50770fd734ecafd69""","""6a7099a50770fd734ecafd64""","Friday","09:00 AM","05:00 PM","30","""2026-08-03T13:37:41.870Z""","""2026-08-03T13:37:41.870Z""","0"
"""6a7099a50770fd734ecafd6a""","""6a7099a50770fd734ecafd64""","Saturday","09:00 AM","05:00 PM","30","""2026-08-03T13:37:41.873Z""","""2026-08-03T13:37:41.873Z""","0"
"""6a7099a50770fd734ecafd6d""","""6a7099a50770fd734ecafd6c""","Monday","09:00 AM","05:00 PM","30","""2026-08-03T13:37:41.880Z""","""2026-08-03T13:37:41.880Z""","0"
"""6a7099a50770fd734ecafd6e""","""6a7099a50770fd734ecafd6c""","Tuesday","09:00 AM","05:00 PM","30","""2026-08-03T13:37:41.883Z""","""2026-08-03T13:37:41.883Z""","0"
"""6a7099a50770fd734ecafd6f""","""6a7099a50770fd734ecafd6c""","Wednesday","09:00 AM","05:00 PM","30","""2026-08-03T13:37:41.885Z""","""2026-08-03T13:37:41.885Z""","0"
"""6a7099a50770fd734ecafd70""","""6a7099a50770fd734ecafd6c""","Thursday","09:00 AM","05:00 PM","30","""2026-08-03T13:37:41.887Z""","""2026-08-03T13:37:41.887Z""","0"
"""6a7099a50770fd734ecafd71""","""6a7099a50770fd734ecafd6c""","Friday","09:00 AM","05:00 PM","30","""2026-08-03T13:37:41.889Z""","""2026-08-03T13:37:41.889Z""","0"
"""6a7099a50770fd734ecafd72""","""6a7099a50770fd734ecafd6c""","Saturday","09:00 AM","05:00 PM","30","""2026-08-03T13:37:41.891Z""","""2026-08-03T13:37:41.891Z""","0"
"""6a7099a50770fd734ecafd75""","""6a7099a50770fd734ecafd74""","Monday","09:00 AM","05:00 PM","30","""2026-08-03T13:37:41.897Z""","""2026-08-03T13:37:41.897Z""","0"
"""6a7099a50770fd734ecafd76""","""6a7099a50770fd734ecafd74""","Tuesday","09:00 AM","05:00 PM","30","""2026-08-03T13:37:41.899Z""","""2026-08-03T13:37:41.899Z""","0"
"""6a7099a50770fd734ecafd77""","""6a7099a50770fd734ecafd74""","Wednesday","09:00 AM","05:00 PM","30","""2026-08-03T13:37:41.901Z""","""2026-08-03T13:37:41.901Z""","0"
"""6a7099a50770fd734ecafd78""","""6a7099a50770fd734ecafd74""","Thursday","09:00 AM","05:00 PM","30","""2026-08-03T13:37:41.903Z""","""2026-08-03T13:37:41.903Z""","0"
"""6a7099a50770fd734ecafd79""","""6a7099a50770fd734ecafd74""","Friday","09:00 AM","05:00 PM","30","""2026-08-03T13:37:41.905Z""","""2026-08-03T13:37:41.905Z""","0"
"""6a7099a50770fd734ecafd7a""","""6a7099a50770fd734ecafd74""","Saturday","09:00 AM","05:00 PM","30","""2026-08-03T13:37:41.906Z""","""2026-08-03T13:37:41.906Z""","0"
"""6a7099a50770fd734ecafd7d""","""6a7099a50770fd734ecafd7c""","Monday","09:00 AM","05:00 PM","30","""2026-08-03T13:37:41.913Z""","""2026-08-03T13:37:41.913Z""","0"
"""6a7099a50770fd734ecafd7e""","""6a7099a50770fd734ecafd7c""","Tuesday","09:00 AM","05:00 PM","30","""2026-08-03T13:37:41.915Z""","""2026-08-03T13:37:41.915Z""","0"
"""6a7099a50770fd734ecafd7f""","""6a7099a50770fd734ecafd7c""","Wednesday","09:00 AM","05:00 PM","30","""2026-08-03T13:37:41.917Z""","""2026-08-03T13:37:41.917Z""","0"
"""6a7099a50770fd734ecafd80""","""6a7099a50770fd734ecafd7c""","Thursday","09:00 AM","05:00 PM","30","""2026-08-03T13:37:41.919Z""","""2026-08-03T13:37:41.919Z""","0"
"""6a7099a50770fd734ecafd81""","""6a7099a50770fd734ecafd7c""","Friday","09:00 AM","05:00 PM","30","""2026-08-03T13:37:41.921Z""","""2026-08-03T13:37:41.921Z""","0"
"""6a7099a50770fd734ecafd82""","""6a7099a50770fd734ecafd7c""","Saturday","09:00 AM","05:00 PM","30","""2026-08-03T13:37:41.923Z""","""2026-08-03T13:37:41.923Z""","0"
"""6a7099a50770fd734ecafd85""","""6a7099a50770fd734ecafd84""","Monday","09:00 AM","05:00 PM","30","""2026-08-03T13:37:41.930Z""","""2026-08-03T13:37:41.930Z""","0"
"""6a7099a50770fd734ecafd86""","""6a7099a50770fd734ecafd84""","Tuesday","09:00 AM","05:00 PM","30","""2026-08-03T13:37:41.932Z""","""2026-08-03T13:37:41.932Z""","0"
"""6a7099a50770fd734ecafd87""","""6a7099a50770fd734ecafd84""","Wednesday","09:00 AM","05:00 PM","30","""2026-08-03T13:37:41.934Z""","""2026-08-03T13:37:41.934Z""","0"
"""6a7099a50770fd734ecafd88""","""6a7099a50770fd734ecafd84""","Thursday","09:00 AM","05:00 PM","30","""2026-08-03T13:37:41.936Z""","""2026-08-03T13:37:41.936Z""","0"
"""6a7099a50770fd734ecafd89""","""6a7099a50770fd734ecafd84""","Friday","09:00 AM","05:00 PM","30","""2026-08-03T13:37:41.938Z""","""2026-08-03T13:37:41.938Z""","0"
"""6a7099a50770fd734ecafd8a""","""6a7099a50770fd734ecafd84""","Saturday","09:00 AM","05:00 PM","30","""2026-08-03T13:37:41.941Z""","""2026-08-03T13:37:41.941Z""","0"
"""6a7099a50770fd734ecafd8d""","""6a7099a50770fd734ecafd8c""","Monday","09:00 AM","05:00 PM","30","""2026-08-03T13:37:41.948Z""","""2026-08-03T13:37:41.948Z""","0"
"""6a7099a50770fd734ecafd8e""","""6a7099a50770fd734ecafd8c""","Tuesday","09:00 AM","05:00 PM","30","""2026-08-03T13:37:41.950Z""","""2026-08-03T13:37:41.950Z""","0"
"""6a7099a50770fd734ecafd8f""","""6a7099a50770fd734ecafd8c""","Wednesday","09:00 AM","05:00 PM","30","""2026-08-03T13:37:41.952Z""","""2026-08-03T13:37:41.952Z""","0"
"""6a7099a50770fd734ecafd90""","""6a7099a50770fd734ecafd8c""","Thursday","09:00 AM","05:00 PM","30","""2026-08-03T13:37:41.953Z""","""2026-08-03T13:37:41.953Z""","0"
"""6a7099a50770fd734ecafd91""","""6a7099a50770fd734ecafd8c""","Friday","09:00 AM","05:00 PM","30","""2026-08-03T13:37:41.955Z""","""2026-08-03T13:37:41.955Z""","0"
"""6a7099a50770fd734ecafd92""","""6a7099a50770fd734ecafd8c""","Saturday","09:00 AM","05:00 PM","30","""2026-08-03T13:37:41.957Z""","""2026-08-03T13:37:41.957Z""","0"
"""6a7099a50770fd734ecafd95""","""6a7099a50770fd734ecafd94""","Monday","09:00 AM","05:00 PM","30","""2026-08-03T13:37:41.963Z""","""2026-08-03T13:37:41.963Z""","0"
"""6a7099a50770fd734ecafd96""","""6a7099a50770fd734ecafd94""","Tuesday","09:00 AM","05:00 PM","30","""2026-08-03T13:37:41.964Z""","""2026-08-03T13:37:41.964Z""","0"
"""6a7099a50770fd734ecafd97""","""6a7099a50770fd734ecafd94""","Wednesday","09:00 AM","05:00 PM","30","""2026-08-03T13:37:41.966Z""","""2026-08-03T13:37:41.966Z""","0"
"""6a7099a50770fd734ecafd98""","""6a7099a50770fd734ecafd94""","Thursday","09:00 AM","05:00 PM","30","""2026-08-03T13:37:41.968Z""","""2026-08-03T13:37:41.968Z""","0"
"""6a7099a50770fd734ecafd99""","""6a7099a50770fd734ecafd94""","Friday","09:00 AM","05:00 PM","30","""2026-08-03T13:37:41.970Z""","""2026-08-03T13:37:41.970Z""","0"
"""6a7099a50770fd734ecafd9a""","""6a7099a50770fd734ecafd94""","Saturday","09:00 AM","05:00 PM","30","""2026-08-03T13:37:41.972Z""","""2026-08-03T13:37:41.972Z""","0"
"""6a7099a50770fd734ecafd9d""","""6a7099a50770fd734ecafd9c""","Monday","09:00 AM","05:00 PM","30","""2026-08-03T13:37:41.979Z""","""2026-08-03T13:37:41.979Z""","0"
"""6a7099a50770fd734ecafd9e""","""6a7099a50770fd734ecafd9c""","Tuesday","09:00 AM","05:00 PM","30","""2026-08-03T13:37:41.980Z""","""2026-08-03T13:37:41.980Z""","0"
"""6a7099a50770fd734ecafd9f""","""6a7099a50770fd734ecafd9c""","Wednesday","09:00 AM","05:00 PM","30","""2026-08-03T13:37:41.982Z""","""2026-08-03T13:37:41.982Z""","0"
"""6a7099a50770fd734ecafda0""","""6a7099a50770fd734ecafd9c""","Thursday","09:00 AM","05:00 PM","30","""2026-08-03T13:37:41.984Z""","""2026-08-03T13:37:41.984Z""","0"
"""6a7099a50770fd734ecafda1""","""6a7099a50770fd734ecafd9c""","Friday","09:00 AM","05:00 PM","30","""2026-08-03T13:37:41.986Z""","""2026-08-03T13:37:41.986Z""","0"
"""6a7099a50770fd734ecafda2""","""6a7099a50770fd734ecafd9c""","Saturday","09:00 AM","05:00 PM","30","""2026-08-03T13:37:41.988Z""","""2026-08-03T13:37:41.988Z""","0"
"""6a7099a50770fd734ecafda5""","""6a7099a50770fd734ecafda4""","Monday","09:00 AM","05:00 PM","30","""2026-08-03T13:37:41.994Z""","""2026-08-03T13:37:41.994Z""","0"
"""6a7099a50770fd734ecafda6""","""6a7099a50770fd734ecafda4""","Tuesday","09:00 AM","05:00 PM","30","""2026-08-03T13:37:41.997Z""","""2026-08-03T13:37:41.997Z""","0"
"""6a7099a50770fd734ecafda7""","""6a7099a50770fd734ecafda4""","Wednesday","09:00 AM","05:00 PM","30","""2026-08-03T13:37:41.999Z""","""2026-08-03T13:37:41.999Z""","0"
"""6a7099a60770fd734ecafda8""","""6a7099a50770fd734ecafda4""","Thursday","09:00 AM","05:00 PM","30","""2026-08-03T13:37:42.001Z""","""2026-08-03T13:37:42.001Z""","0"
"""6a7099a60770fd734ecafda9""","""6a7099a50770fd734ecafda4""","Friday","09:00 AM","05:00 PM","30","""2026-08-03T13:37:42.003Z""","""2026-08-03T13:37:42.003Z""","0"
"""6a7099a60770fd734ecafdaa""","""6a7099a50770fd734ecafda4""","Saturday","09:00 AM","05:00 PM","30","""2026-08-03T13:37:42.005Z""","""2026-08-03T13:37:42.005Z""","0"
"""6a7099a60770fd734ecafdad""","""6a7099a60770fd734ecafdac""","Monday","09:00 AM","05:00 PM","30","""2026-08-03T13:37:42.011Z""","""2026-08-03T13:37:42.011Z""","0"
"""6a7099a60770fd734ecafdae""","""6a7099a60770fd734ecafdac""","Tuesday","09:00 AM","05:00 PM","30","""2026-08-03T13:37:42.013Z""","""2026-08-03T13:37:42.013Z""","0"
"""6a7099a60770fd734ecafdaf""","""6a7099a60770fd734ecafdac""","Wednesday","09:00 AM","05:00 PM","30","""2026-08-03T13:37:42.015Z""","""2026-08-03T13:37:42.015Z""","0"
"""6a7099a60770fd734ecafdb0""","""6a7099a60770fd734ecafdac""","Thursday","09:00 AM","05:00 PM","30","""2026-08-03T13:37:42.017Z""","""2026-08-03T13:37:42.017Z""","0"
"""6a7099a60770fd734ecafdb1""","""6a7099a60770fd734ecafdac""","Friday","09:00 AM","05:00 PM","30","""2026-08-03T13:37:42.019Z""","""2026-08-03T13:37:42.019Z""","0"
"""6a7099a60770fd734ecafdb2""","""6a7099a60770fd734ecafdac""","Saturday","09:00 AM","05:00 PM","30","""2026-08-03T13:37:42.023Z""","""2026-08-03T13:37:42.023Z""","0"
"""6a7099a60770fd734ecafdb5""","""6a7099a60770fd734ecafdb4""","Monday","09:00 AM","05:00 PM","30","""2026-08-03T13:37:42.028Z""","""2026-08-03T13:37:42.028Z""","0"
"""6a7099a60770fd734ecafdb6""","""6a7099a60770fd734ecafdb4""","Tuesday","09:00 AM","05:00 PM","30","""2026-08-03T13:37:42.030Z""","""2026-08-03T13:37:42.030Z""","0"
"""6a7099a60770fd734ecafdb7""","""6a7099a60770fd734ecafdb4""","Wednesday","09:00 AM","05:00 PM","30","""2026-08-03T13:37:42.032Z""","""2026-08-03T13:37:42.032Z""","0"
"""6a7099a60770fd734ecafdb8""","""6a7099a60770fd734ecafdb4""","Thursday","09:00 AM","05:00 PM","30","""2026-08-03T13:37:42.034Z""","""2026-08-03T13:37:42.034Z""","0"
"""6a7099a60770fd734ecafdb9""","""6a7099a60770fd734ecafdb4""","Friday","09:00 AM","05:00 PM","30","""2026-08-03T13:37:42.036Z""","""2026-08-03T13:37:42.036Z""","0"
"""6a7099a60770fd734ecafdba""","""6a7099a60770fd734ecafdb4""","Saturday","09:00 AM","05:00 PM","30","""2026-08-03T13:37:42.038Z""","""2026-08-03T13:37:42.038Z""","0"
"""6a7099a60770fd734ecafdbd""","""6a7099a60770fd734ecafdbc""","Monday","09:00 AM","05:00 PM","30","""2026-08-03T13:37:42.044Z""","""2026-08-03T13:37:42.044Z""","0"
"""6a7099a60770fd734ecafdbe""","""6a7099a60770fd734ecafdbc""","Tuesday","09:00 AM","05:00 PM","30","""2026-08-03T13:37:42.045Z""","""2026-08-03T13:37:42.045Z""","0"
"""6a7099a60770fd734ecafdbf""","""6a7099a60770fd734ecafdbc""","Wednesday","09:00 AM","05:00 PM","30","""2026-08-03T13:37:42.047Z""","""2026-08-03T13:37:42.047Z""","0"
"""6a7099a60770fd734ecafdc0""","""6a7099a60770fd734ecafdbc""","Thursday","09:00 AM","05:00 PM","30","""2026-08-03T13:37:42.048Z""","""2026-08-03T13:37:42.048Z""","0"
"""6a7099a60770fd734ecafdc1""","""6a7099a60770fd734ecafdbc""","Friday","09:00 AM","05:00 PM","30","""2026-08-03T13:37:42.050Z""","""2026-08-03T13:37:42.050Z""","0"
"""6a7099a60770fd734ecafdc2""","""6a7099a60770fd734ecafdbc""","Saturday","09:00 AM","05:00 PM","30","""2026-08-03T13:37:42.052Z""","""2026-08-03T13:37:42.052Z""","0"
"""6a7099a60770fd734ecafdc5""","""6a7099a60770fd734ecafdc4""","Monday","09:00 AM","05:00 PM","30","""2026-08-03T13:37:42.057Z""","""2026-08-03T13:37:42.057Z""","0"
"""6a7099a60770fd734ecafdc6""","""6a7099a60770fd734ecafdc4""","Tuesday","09:00 AM","05:00 PM","30","""2026-08-03T13:37:42.058Z""","""2026-08-03T13:37:42.058Z""","0"
"""6a7099a60770fd734ecafdc7""","""6a7099a60770fd734ecafdc4""","Wednesday","09:00 AM","05:00 PM","30","""2026-08-03T13:37:42.060Z""","""2026-08-03T13:37:42.060Z""","0"
"""6a7099a60770fd734ecafdc8""","""6a7099a60770fd734ecafdc4""","Thursday","09:00 AM","05:00 PM","30","""2026-08-03T13:37:42.062Z""","""2026-08-03T13:37:42.062Z""","0"
"""6a7099a60770fd734ecafdc9""","""6a7099a60770fd734ecafdc4""","Friday","09:00 AM","05:00 PM","30","""2026-08-03T13:37:42.064Z""","""2026-08-03T13:37:42.064Z""","0"
"""6a7099a60770fd734ecafdca""","""6a7099a60770fd734ecafdc4""","Saturday","09:00 AM","05:00 PM","30","""2026-08-03T13:37:42.066Z""","""2026-08-03T13:37:42.066Z""","0"
"""6a7099a60770fd734ecafdcd""","""6a7099a60770fd734ecafdcc""","Monday","09:00 AM","05:00 PM","30","""2026-08-03T13:37:42.072Z""","""2026-08-03T13:37:42.072Z""","0"
"""6a7099a60770fd734ecafdce""","""6a7099a60770fd734ecafdcc""","Tuesday","09:00 AM","05:00 PM","30","""2026-08-03T13:37:42.074Z""","""2026-08-03T13:37:42.074Z""","0"
"""6a7099a60770fd734ecafdcf""","""6a7099a60770fd734ecafdcc""","Wednesday","09:00 AM","05:00 PM","30","""2026-08-03T13:37:42.077Z""","""2026-08-03T13:37:42.077Z""","0"
"""6a7099a60770fd734ecafdd0""","""6a7099a60770fd734ecafdcc""","Thursday","09:00 AM","05:00 PM","30","""2026-08-03T13:37:42.079Z""","""2026-08-03T13:37:42.079Z""","0"
"""6a7099a60770fd734ecafdd1""","""6a7099a60770fd734ecafdcc""","Friday","09:00 AM","05:00 PM","30","""2026-08-03T13:37:42.082Z""","""2026-08-03T13:37:42.082Z""","0"
"""6a7099a60770fd734ecafdd2""","""6a7099a60770fd734ecafdcc""","Saturday","09:00 AM","05:00 PM","30","""2026-08-03T13:37:42.125Z""","""2026-08-03T13:37:42.125Z""","0"
"""6a7099a60770fd734ecafdd5""","""6a7099a60770fd734ecafdd4""","Monday","09:00 AM","05:00 PM","30","""2026-08-03T13:37:42.133Z""","""2026-08-03T13:37:42.133Z""","0"
"""6a7099a60770fd734ecafdd6""","""6a7099a60770fd734ecafdd4""","Tuesday","09:00 AM","05:00 PM","30","""2026-08-03T13:37:42.135Z""","""2026-08-03T13:37:42.135Z""","0"
"""6a7099a60770fd734ecafdd7""","""6a7099a60770fd734ecafdd4""","Wednesday","09:00 AM","05:00 PM","30","""2026-08-03T13:37:42.137Z""","""2026-08-03T13:37:42.137Z""","0"
"""6a7099a60770fd734ecafdd8""","""6a7099a60770fd734ecafdd4""","Thursday","09:00 AM","05:00 PM","30","""2026-08-03T13:37:42.140Z""","""2026-08-03T13:37:42.140Z""","0"
"""6a7099a60770fd734ecafdd9""","""6a7099a60770fd734ecafdd4""","Friday","09:00 AM","05:00 PM","30","""2026-08-03T13:37:42.143Z""","""2026-08-03T13:37:42.143Z""","0"
"""6a7099a60770fd734ecafdda""","""6a7099a60770fd734ecafdd4""","Saturday","09:00 AM","05:00 PM","30","""2026-08-03T13:37:42.147Z""","""2026-08-03T13:37:42.147Z""","0"
"""6a7099a60770fd734ecafddd""","""6a7099a60770fd734ecafddc""","Monday","09:00 AM","05:00 PM","30","""2026-08-03T13:37:42.153Z""","""2026-08-03T13:37:42.153Z""","0"
"""6a7099a60770fd734ecafdde""","""6a7099a60770fd734ecafddc""","Tuesday","09:00 AM","05:00 PM","30","""2026-08-03T13:37:42.155Z""","""2026-08-03T13:37:42.155Z""","0"
"""6a7099a60770fd734ecafddf""","""6a7099a60770fd734ecafddc""","Wednesday","09:00 AM","05:00 PM","30","""2026-08-03T13:37:42.158Z""","""2026-08-03T13:37:42.158Z""","0"
"""6a7099a60770fd734ecafde0""","""6a7099a60770fd734ecafddc""","Thursday","09:00 AM","05:00 PM","30","""2026-08-03T13:37:42.160Z""","""2026-08-03T13:37:42.160Z""","0"
"""6a7099a60770fd734ecafde1""","""6a7099a60770fd734ecafddc""","Friday","09:00 AM","05:00 PM","30","""2026-08-03T13:37:42.163Z""","""2026-08-03T13:37:42.163Z""","0"
"""6a7099a60770fd734ecafde2""","""6a7099a60770fd734ecafddc""","Saturday","09:00 AM","05:00 PM","30","""2026-08-03T13:37:42.165Z""","""2026-08-03T13:37:42.165Z""","0"
"""6a7099a60770fd734ecafde5""","""6a7099a60770fd734ecafde4""","Monday","09:00 AM","05:00 PM","30","""2026-08-03T13:37:42.171Z""","""2026-08-03T13:37:42.171Z""","0"
"""6a7099a60770fd734ecafde6""","""6a7099a60770fd734ecafde4""","Tuesday","09:00 AM","05:00 PM","30","""2026-08-03T13:37:42.173Z""","""2026-08-03T13:37:42.173Z""","0"
"""6a7099a60770fd734ecafde7""","""6a7099a60770fd734ecafde4""","Wednesday","09:00 AM","05:00 PM","30","""2026-08-03T13:37:42.175Z""","""2026-08-03T13:37:42.175Z""","0"
"""6a7099a60770fd734ecafde8""","""6a7099a60770fd734ecafde4""","Thursday","09:00 AM","05:00 PM","30","""2026-08-03T13:37:42.176Z""","""2026-08-03T13:37:42.176Z""","0"
"""6a7099a60770fd734ecafde9""","""6a7099a60770fd734ecafde4""","Friday","09:00 AM","05:00 PM","30","""2026-08-03T13:37:42.178Z""","""2026-08-03T13:37:42.178Z""","0"
"""6a7099a60770fd734ecafdea""","""6a7099a60770fd734ecafde4""","Saturday","09:00 AM","05:00 PM","30","""2026-08-03T13:37:42.180Z""","""2026-08-03T13:37:42.180Z""","0"
"""6a7099a60770fd734ecafded""","""6a7099a60770fd734ecafdec""","Monday","09:00 AM","05:00 PM","30","""2026-08-03T13:37:42.186Z""","""2026-08-03T13:37:42.186Z""","0"
"""6a7099a60770fd734ecafdee""","""6a7099a60770fd734ecafdec""","Tuesday","09:00 AM","05:00 PM","30","""2026-08-03T13:37:42.188Z""","""2026-08-03T13:37:42.188Z""","0"
"""6a7099a60770fd734ecafdef""","""6a7099a60770fd734ecafdec""","Wednesday","09:00 AM","05:00 PM","30","""2026-08-03T13:37:42.189Z""","""2026-08-03T13:37:42.189Z""","0"
"""6a7099a60770fd734ecafdf0""","""6a7099a60770fd734ecafdec""","Thursday","09:00 AM","05:00 PM","30","""2026-08-03T13:37:42.191Z""","""2026-08-03T13:37:42.191Z""","0"
"""6a7099a60770fd734ecafdf1""","""6a7099a60770fd734ecafdec""","Friday","09:00 AM","05:00 PM","30","""2026-08-03T13:37:42.193Z""","""2026-08-03T13:37:42.193Z""","0"
"""6a7099a60770fd734ecafdf2""","""6a7099a60770fd734ecafdec""","Saturday","09:00 AM","05:00 PM","30","""2026-08-03T13:37:42.194Z""","""2026-08-03T13:37:42.194Z""","0"
"""6a7099a60770fd734ecafdf5""","""6a7099a60770fd734ecafdf4""","Monday","09:00 AM","05:00 PM","30","""2026-08-03T13:37:42.199Z""","""2026-08-03T13:37:42.199Z""","0"
"""6a7099a60770fd734ecafdf6""","""6a7099a60770fd734ecafdf4""","Tuesday","09:00 AM","05:00 PM","30","""2026-08-03T13:37:42.201Z""","""2026-08-03T13:37:42.201Z""","0"
"""6a7099a60770fd734ecafdf7""","""6a7099a60770fd734ecafdf4""","Wednesday","09:00 AM","05:00 PM","30","""2026-08-03T13:37:42.203Z""","""2026-08-03T13:37:42.203Z""","0"
"""6a7099a60770fd734ecafdf8""","""6a7099a60770fd734ecafdf4""","Thursday","09:00 AM","05:00 PM","30","""2026-08-03T13:37:42.205Z""","""2026-08-03T13:37:42.205Z""","0"
"""6a7099a60770fd734ecafdf9""","""6a7099a60770fd734ecafdf4""","Friday","09:00 AM","05:00 PM","30","""2026-08-03T13:37:42.207Z""","""2026-08-03T13:37:42.207Z""","0"
"""6a7099a60770fd734ecafdfa""","""6a7099a60770fd734ecafdf4""","Saturday","09:00 AM","05:00 PM","30","""2026-08-03T13:37:42.209Z""","""2026-08-03T13:37:42.209Z""","0"
"""6a7099a60770fd734ecafdfd""","""6a7099a60770fd734ecafdfc""","Monday","09:00 AM","05:00 PM","30","""2026-08-03T13:37:42.213Z""","""2026-08-03T13:37:42.213Z""","0"
"""6a7099a60770fd734ecafdfe""","""6a7099a60770fd734ecafdfc""","Tuesday","09:00 AM","05:00 PM","30","""2026-08-03T13:37:42.215Z""","""2026-08-03T13:37:42.215Z""","0"
"""6a7099a60770fd734ecafdff""","""6a7099a60770fd734ecafdfc""","Wednesday","09:00 AM","05:00 PM","30","""2026-08-03T13:37:42.217Z""","""2026-08-03T13:37:42.217Z""","0"
"""6a7099a60770fd734ecafe00""","""6a7099a60770fd734ecafdfc""","Thursday","09:00 AM","05:00 PM","30","""2026-08-03T13:37:42.219Z""","""2026-08-03T13:37:42.219Z""","0"
"""6a7099a60770fd734ecafe01""","""6a7099a60770fd734ecafdfc""","Friday","09:00 AM","05:00 PM","30","""2026-08-03T13:37:42.221Z""","""2026-08-03T13:37:42.221Z""","0"
"""6a7099a60770fd734ecafe02""","""6a7099a60770fd734ecafdfc""","Saturday","09:00 AM","05:00 PM","30","""2026-08-03T13:37:42.223Z""","""2026-08-03T13:37:42.223Z""","0"
"""6a7099a60770fd734ecafe05""","""6a7099a60770fd734ecafe04""","Monday","09:00 AM","05:00 PM","30","""2026-08-03T13:37:42.227Z""","""2026-08-03T13:37:42.227Z""","0"
"""6a7099a60770fd734ecafe06""","""6a7099a60770fd734ecafe04""","Tuesday","09:00 AM","05:00 PM","30","""2026-08-03T13:37:42.229Z""","""2026-08-03T13:37:42.229Z""","0"
"""6a7099a60770fd734ecafe07""","""6a7099a60770fd734ecafe04""","Wednesday","09:00 AM","05:00 PM","30","""2026-08-03T13:37:42.231Z""","""2026-08-03T13:37:42.231Z""","0"
"""6a7099a60770fd734ecafe08""","""6a7099a60770fd734ecafe04""","Thursday","09:00 AM","05:00 PM","30","""2026-08-03T13:37:42.233Z""","""2026-08-03T13:37:42.233Z""","0"
"""6a7099a60770fd734ecafe09""","""6a7099a60770fd734ecafe04""","Friday","09:00 AM","05:00 PM","30","""2026-08-03T13:37:42.234Z""","""2026-08-03T13:37:42.234Z""","0"
"""6a7099a60770fd734ecafe0a""","""6a7099a60770fd734ecafe04""","Saturday","09:00 AM","05:00 PM","30","""2026-08-03T13:37:42.237Z""","""2026-08-03T13:37:42.237Z""","0"