_id,user,specialization,qualifications,experience,hospital,location,state,consultation_fee,about,languages,rating,verification_status,created_at,updated_at,__v
"""6a7099a40770fd734ecafb44""","""6a7099a40770fd734ecafb43""","""6a7099a40770fd734ecafb39""","MBBS, MD","8","Government Head Quarters Hospital, Ariyalur","Ariyalur","Tamil Nadu","550","Experienced Dermatology specialist practicing at Government Head Quarters Hospital, Ariyalur. Committed to compassionate, quality healthcare in Ariyalur.","Tamil, English","4.6","approved","""2026-08-03T13:37:40.859Z""","""2026-08-03T13:37:40.859Z""","0"
"""6a7099a40770fd734ecafb4c""","""6a7099a40770fd734ecafb4b""","""6a7099a40770fd734ecafb3a""","MBBS, MD","11","Government Head Quarters Hospital, Ariyalur","Ariyalur","Tamil Nadu","600","Experienced Neurology specialist practicing at Government Head Quarters Hospital, Ariyalur. Committed to compassionate, quality healthcare in Ariyalur.","Tamil, English","4.7","approved","""2026-08-03T13:37:40.880Z""","""2026-08-03T13:37:40.880Z""","0"
"""6a7099a40770fd734ecafb54""","""6a7099a40770fd734ecafb53""","""6a7099a40770fd734ecafb3b""","MBBS, MD","14","Government Head Quarters Hospital, Ariyalur","Ariyalur","Tamil Nadu","650","Experienced Pediatrics specialist practicing at Government Head Quarters Hospital, Ariyalur. Committed to compassionate, quality healthcare in Ariyalur.","Tamil, English","4.8","approved","""2026-08-03T13:37:40.900Z""","""2026-08-03T13:37:40.900Z""","0"
"""6a7099a40770fd734ecafb5c""","""6a7099a40770fd734ecafb5b""","""6a7099a40770fd734ecafb3c""","MBBS, MD","17","Chengalpattu Medical College & Hospital","Chengalpattu","Tamil Nadu","700","Experienced Orthopedics specialist practicing at Chengalpattu Medical College & Hospital. Committed to compassionate, quality healthcare in Chengalpattu.","Tamil, English","4.9","approved","""2026-08-03T13:37:40.917Z""","""2026-08-03T13:37:40.917Z""","0"
"""6a7099a40770fd734ecafb64""","""6a7099a40770fd734ecafb63""","""6a7099a40770fd734ecafb3d""","MBBS, MD","20","Chengalpattu Medical College & Hospital","Chengalpattu","Tamil Nadu","750","Experienced General Medicine specialist practicing at Chengalpattu Medical College & Hospital. Committed to compassionate, quality healthcare in Chengalpattu.","Tamil, English","4.5","approved","""2026-08-03T13:37:40.935Z""","""2026-08-03T13:37:40.935Z""","0"
"""6a7099a40770fd734ecafb6c""","""6a7099a40770fd734ecafb6b""","""6a7099a40770fd734ecafb3e""","MBBS, MD","23","Apollo Hospitals, Greams Road, Chennai","Chennai","Tamil Nadu","800","Experienced Psychiatry specialist practicing at Apollo Hospitals, Greams Road, Chennai. Committed to compassionate, quality healthcare in Chennai.","Tamil, English","4.6","approved","""2026-08-03T13:37:40.951Z""","""2026-08-03T13:37:40.951Z""","0"
"""6a7099a40770fd734ecafb74""","""6a7099a40770fd734ecafb73""","""6a7099a40770fd734ecafb3f""","MBBS, MD","26","Apollo Hospitals, Greams Road, Chennai","Chennai","Tamil Nadu","850","Experienced Gynecology specialist practicing at Apollo Hospitals, Greams Road, Chennai. Committed to compassionate, quality healthcare in Chennai.","Tamil, English","4.7","approved","""2026-08-03T13:37:40.965Z""","""2026-08-03T13:37:40.965Z""","0"
"""6a7099a40770fd734ecafb7c""","""6a7099a40770fd734ecafb7b""","""6a7099a40770fd734ecafb38""","MBBS, MD","29","Ganga Medical Centre & Hospitals, Coimbatore","Coimbatore","Tamil Nadu","900","Experienced Cardiology specialist practicing at Ganga Medical Centre & Hospitals, Coimbatore. Committed to compassionate, quality healthcare in Coimbatore.","Tamil, English","4.8","approved","""2026-08-03T13:37:40.979Z""","""2026-08-03T13:37:40.979Z""","0"
"""6a7099a40770fd734ecafb84""","""6a7099a40770fd734ecafb83""","""6a7099a40770fd734ecafb39""","MBBS, MD","7","Ganga Medical Centre & Hospitals, Coimbatore","Coimbatore","Tamil Nadu","950","Experienced Dermatology specialist practicing at Ganga Medical Centre & Hospitals, Coimbatore. Committed to compassionate, quality healthcare in Coimbatore.","Tamil, English","4.9","approved","""2026-08-03T13:37:40.992Z""","""2026-08-03T13:37:40.992Z""","0"
"""6a7099a50770fd734ecafb8c""","""6a7099a50770fd734ecafb8b""","""6a7099a40770fd734ecafb3a""","MBBS, MD","10","Ganga Medical Centre & Hospitals, Coimbatore","Coimbatore","Tamil Nadu","1000","Experienced Neurology specialist practicing at Ganga Medical Centre & Hospitals, Coimbatore. Committed to compassionate, quality healthcare in Coimbatore.","Tamil, English","4.5","approved","""2026-08-03T13:37:41.007Z""","""2026-08-03T13:37:41.007Z""","0"
"""6a7099a50770fd734ecafb94""","""6a7099a50770fd734ecafb93""","""6a7099a40770fd734ecafb3b""","MBBS, MD","13","Rajah Muthiah Medical College & Hospital, Cuddalore","Cuddalore","Tamil Nadu","500","Experienced Pediatrics specialist practicing at Rajah Muthiah Medical College & Hospital, Cuddalore. Committed to compassionate, quality healthcare in Cuddalore.","Tamil, English","4.6","approved","""2026-08-03T13:37:41.022Z""","""2026-08-03T13:37:41.022Z""","0"
"""6a7099a50770fd734ecafb9c""","""6a7099a50770fd734ecafb9b""","""6a7099a40770fd734ecafb3c""","MBBS, MD","16","Rajah Muthiah Medical College & Hospital, Cuddalore","Cuddalore","Tamil Nadu","550","Experienced Orthopedics specialist practicing at Rajah Muthiah Medical College & Hospital, Cuddalore. Committed to compassionate, quality healthcare in Cuddalore.","Tamil, English","4.7","approved","""2026-08-03T13:37:41.036Z""","""2026-08-03T13:37:41.036Z""","0"
"""6a7099a50770fd734ecafba4""","""6a7099a50770fd734ecafba3""","""6a7099a40770fd734ecafb3d""","MBBS, MD","19","Dharmapuri Government Medical College Hospital","Dharmapuri","Tamil Nadu","600","Experienced General Medicine specialist practicing at Dharmapuri Government Medical College Hospital. Committed to compassionate, quality healthcare in Dharmapuri.","Tamil, English","4.8","approved","""2026-08-03T13:37:41.053Z""","""2026-08-03T13:37:41.053Z""","0"
"""6a7099a50770fd734ecafbac""","""6a7099a50770fd734ecafbab""","""6a7099a40770fd734ecafb3e""","MBBS, MD","22","Dharmapuri Government Medical College Hospital","Dharmapuri","Tamil Nadu","650","Experienced Psychiatry specialist practicing at Dharmapuri Government Medical College Hospital. Committed to compassionate, quality healthcare in Dharmapuri.","Tamil, English","4.9","approved","""2026-08-03T13:37:41.071Z""","""2026-08-03T13:37:41.071Z""","0"
"""6a7099a50770fd734ecafbb4""","""6a7099a50770fd734ecafbb3""","""6a7099a40770fd734ecafb3f""","MBBS, MD","25","City Care Specialty Hospital, Dindigul","Dindigul","Tamil Nadu","700","Experienced Gynecology specialist practicing at City Care Specialty Hospital, Dindigul. Committed to compassionate, quality healthcare in Dindigul.","Tamil, English","4.5","approved","""2026-08-03T13:37:41.086Z""","""2026-08-03T13:37:41.086Z""","0"
"""6a7099a50770fd734ecafbbc""","""6a7099a50770fd734ecafbbb""","""6a7099a40770fd734ecafb38""","MBBS, MD","28","City Care Specialty Hospital, Dindigul","Dindigul","Tamil Nadu","750","Experienced Cardiology specialist practicing at City Care Specialty Hospital, Dindigul. Committed to compassionate, quality healthcare in Dindigul.","Tamil, English","4.6","approved","""2026-08-03T13:37:41.102Z""","""2026-08-03T13:37:41.102Z""","0"
"""6a7099a50770fd734ecafbc4""","""6a7099a50770fd734ecafbc3""","""6a7099a40770fd734ecafb39""","MBBS, MD","6","City Care Specialty Hospital, Dindigul","Dindigul","Tamil Nadu","800","Experienced Dermatology specialist practicing at City Care Specialty Hospital, Dindigul. Committed to compassionate, quality healthcare in Dindigul.","Tamil, English","4.7","approved","""2026-08-03T13:37:41.117Z""","""2026-08-03T13:37:41.117Z""","0"
"""6a7099a50770fd734ecafbcc""","""6a7099a50770fd734ecafbcb""","""6a7099a40770fd734ecafb3a""","MBBS, MD","9","Lotus Hospital & Research Centre, Erode","Erode","Tamil Nadu","850","Experienced Neurology specialist practicing at Lotus Hospital & Research Centre, Erode. Committed to compassionate, quality healthcare in Erode.","Tamil, English","4.8","approved","""2026-08-03T13:37:41.132Z""","""2026-08-03T13:37:41.132Z""","0"
"""6a7099a50770fd734ecafbd4""","""6a7099a50770fd734ecafbd3""","""6a7099a40770fd734ecafb3b""","MBBS, MD","12","Lotus Hospital & Research Centre, Erode","Erode","Tamil Nadu","900","Experienced Pediatrics specialist practicing at Lotus Hospital & Research Centre, Erode. Committed to compassionate, quality healthcare in Erode.","Tamil, English","4.9","approved","""2026-08-03T13:37:41.146Z""","""2026-08-03T13:37:41.146Z""","0"
"""6a7099a50770fd734ecafbdc""","""6a7099a50770fd734ecafbdb""","""6a7099a40770fd734ecafb3c""","MBBS, MD","15","Government Medical College Hospital, Kallakurichi","Kallakurichi","Tamil Nadu","950","Experienced Orthopedics specialist practicing at Government Medical College Hospital, Kallakurichi. Committed to compassionate, quality healthcare in Kallakurichi.","Tamil, English","4.5","approved","""2026-08-03T13:37:41.160Z""","""2026-08-03T13:37:41.160Z""","0"
"""6a7099a50770fd734ecafbe4""","""6a7099a50770fd734ecafbe3""","""6a7099a40770fd734ecafb3d""","MBBS, MD","18","Government Medical College Hospital, Kallakurichi","Kallakurichi","Tamil Nadu","1000","Experienced General Medicine specialist practicing at Government Medical College Hospital, Kallakurichi. Committed to compassionate, quality healthcare in Kallakurichi.","Tamil, English","4.6","approved","""2026-08-03T13:37:41.173Z""","""2026-08-03T13:37:41.173Z""","0"
"""6a7099a50770fd734ecafbec""","""6a7099a50770fd734ecafbeb""","""6a7099a40770fd734ecafb3e""","MBBS, MD","21","Sri Ramachandra Specialty Clinic, Kancheepuram","Kancheepuram","Tamil Nadu","500","Experienced Psychiatry specialist practicing at Sri Ramachandra Specialty Clinic, Kancheepuram. Committed to compassionate, quality healthcare in Kancheepuram.","Tamil, English","4.7","approved","""2026-08-03T13:37:41.187Z""","""2026-08-03T13:37:41.187Z""","0"
"""6a7099a50770fd734ecafbf4""","""6a7099a50770fd734ecafbf3""","""6a7099a40770fd734ecafb3f""","MBBS, MD","24","Sri Ramachandra Specialty Clinic, Kancheepuram","Kancheepuram","Tamil Nadu","550","Experienced Gynecology specialist practicing at Sri Ramachandra Specialty Clinic, Kancheepuram. Committed to compassionate, quality healthcare in Kancheepuram.","Tamil, English","4.8","approved","""2026-08-03T13:37:41.202Z""","""2026-08-03T13:37:41.202Z""","0"
"""6a7099a50770fd734ecafbfc""","""6a7099a50770fd734ecafbfb""","""6a7099a40770fd734ecafb38""","MBBS, MD","27","Sri Ramachandra Specialty Clinic, Kancheepuram","Kancheepuram","Tamil Nadu","600","Experienced Cardiology specialist practicing at Sri Ramachandra Specialty Clinic, Kancheepuram. Committed to compassionate, quality healthcare in Kancheepuram.","Tamil, English","4.9","approved","""2026-08-03T13:37:41.217Z""","""2026-08-03T13:37:41.217Z""","0"
"""6a7099a50770fd734ecafc04""","""6a7099a50770fd734ecafc03""","""6a7099a40770fd734ecafb39""","MBBS, MD","5","Kanyakumari Medical College Hospital, Nagercoil","Kanniyakumari","Tamil Nadu","650","Experienced Dermatology specialist practicing at Kanyakumari Medical College Hospital, Nagercoil. Committed to compassionate, quality healthcare in Kanniyakumari.","Tamil, English","4.5","approved","""2026-08-03T13:37:41.231Z""","""2026-08-03T13:37:41.231Z""","0"
"""6a7099a50770fd734ecafc0c""","""6a7099a50770fd734ecafc0b""","""6a7099a40770fd734ecafb3a""","MBBS, MD","8","Kanyakumari Medical College Hospital, Nagercoil","Kanniyakumari","Tamil Nadu","700","Experienced Neurology specialist practicing at Kanyakumari Medical College Hospital, Nagercoil. Committed to compassionate, quality healthcare in Kanniyakumari.","Tamil, English","4.6","approved","""2026-08-03T13:37:41.244Z""","""2026-08-03T13:37:41.244Z""","0"
"""6a7099a50770fd734ecafc14""","""6a7099a50770fd734ecafc13""","""6a7099a40770fd734ecafb3b""","MBBS, MD","11","Government Medical College Hospital, Karur","Karur","Tamil Nadu","750","Experienced Pediatrics specialist practicing at Government Medical College Hospital, Karur. Committed to compassionate, quality healthcare in Karur.","Tamil, English","4.7","approved","""2026-08-03T13:37:41.260Z""","""2026-08-03T13:37:41.260Z""","0"
"""6a7099a50770fd734ecafc1c""","""6a7099a50770fd734ecafc1b""","""6a7099a40770fd734ecafb3c""","MBBS, MD","14","Government Medical College Hospital, Karur","Karur","Tamil Nadu","800","Experienced Orthopedics specialist practicing at Government Medical College Hospital, Karur. Committed to compassionate, quality healthcare in Karur.","Tamil, English","4.8","approved","""2026-08-03T13:37:41.274Z""","""2026-08-03T13:37:41.274Z""","0"
"""6a7099a50770fd734ecafc24""","""6a7099a50770fd734ecafc23""","""6a7099a40770fd734ecafb3d""","MBBS, MD","17","Kauvery Multi-Specialty Clinic, Krishnagiri","Krishnagiri","Tamil Nadu","850","Experienced General Medicine specialist practicing at Kauvery Multi-Specialty Clinic, Krishnagiri. Committed to compassionate, quality healthcare in Krishnagiri.","Tamil, English","4.9","approved","""2026-08-03T13:37:41.288Z""","""2026-08-03T13:37:41.288Z""","0"
"""6a7099a50770fd734ecafc2c""","""6a7099a50770fd734ecafc2b""","""6a7099a40770fd734ecafb3e""","MBBS, MD","20","Kauvery Multi-Specialty Clinic, Krishnagiri","Krishnagiri","Tamil Nadu","900","Experienced Psychiatry specialist practicing at Kauvery Multi-Specialty Clinic, Krishnagiri. Committed to compassionate, quality healthcare in Krishnagiri.","Tamil, English","4.5","approved","""2026-08-03T13:37:41.304Z""","""2026-08-03T13:37:41.304Z""","0"
"""6a7099a50770fd734ecafc34""","""6a7099a50770fd734ecafc33""","""6a7099a40770fd734ecafb3f""","MBBS, MD","23","Kauvery Multi-Specialty Clinic, Krishnagiri","Krishnagiri","Tamil Nadu","950","Experienced Gynecology specialist practicing at Kauvery Multi-Specialty Clinic, Krishnagiri. Committed to compassionate, quality healthcare in Krishnagiri.","Tamil, English","4.6","approved","""2026-08-03T13:37:41.319Z""","""2026-08-03T13:37:41.319Z""","0"
"""6a7099a50770fd734ecafc3c""","""6a7099a50770fd734ecafc3b""","""6a7099a40770fd734ecafb38""","MBBS, MD","26","Meenakshi Mission Hospital & Research Centre, Madurai","Madurai","Tamil Nadu","1000","Experienced Cardiology specialist practicing at Meenakshi Mission Hospital & Research Centre, Madurai. Committed to compassionate, quality healthcare in Madurai.","Tamil, English","4.7","approved","""2026-08-03T13:37:41.332Z""","""2026-08-03T13:37:41.332Z""","0"
"""6a7099a50770fd734ecafc44""","""6a7099a50770fd734ecafc43""","""6a7099a40770fd734ecafb39""","MBBS, MD","29","Meenakshi Mission Hospital & Research Centre, Madurai","Madurai","Tamil Nadu","500","Experienced Dermatology specialist practicing at Meenakshi Mission Hospital & Research Centre, Madurai. Committed to compassionate, quality healthcare in Madurai.","Tamil, English","4.8","approved","""2026-08-03T13:37:41.345Z""","""2026-08-03T13:37:41.345Z""","0"
"""6a7099a50770fd734ecafc4c""","""6a7099a50770fd734ecafc4b""","""6a7099a40770fd734ecafb3a""","MBBS, MD","7","Government General Hospital, Mayiladuthurai","Mayiladuthurai","Tamil Nadu","550","Experienced Neurology specialist practicing at Government General Hospital, Mayiladuthurai. Committed to compassionate, quality healthcare in Mayiladuthurai.","Tamil, English","4.9","approved","""2026-08-03T13:37:41.359Z""","""2026-08-03T13:37:41.359Z""","0"
"""6a7099a50770fd734ecafc54""","""6a7099a50770fd734ecafc53""","""6a7099a40770fd734ecafb3b""","MBBS, MD","10","Government General Hospital, Mayiladuthurai","Mayiladuthurai","Tamil Nadu","600","Experienced Pediatrics specialist practicing at Government General Hospital, Mayiladuthurai. Committed to compassionate, quality healthcare in Mayiladuthurai.","Tamil, English","4.5","approved","""2026-08-03T13:37:41.372Z""","""2026-08-03T13:37:41.372Z""","0"
"""6a7099a50770fd734ecafc5c""","""6a7099a50770fd734ecafc5b""","""6a7099a40770fd734ecafb3c""","MBBS, MD","13","Government District Head Quarters Hospital, Nagapattinam","Nagapattinam","Tamil Nadu","650","Experienced Orthopedics specialist practicing at Government District Head Quarters Hospital, Nagapattinam. Committed to compassionate, quality healthcare in Nagapattinam.","Tamil, English","4.6","approved","""2026-08-03T13:37:41.387Z""","""2026-08-03T13:37:41.387Z""","0"
"""6a7099a50770fd734ecafc64""","""6a7099a50770fd734ecafc63""","""6a7099a40770fd734ecafb3d""","MBBS, MD","16","Government District Head Quarters Hospital, Nagapattinam","Nagapattinam","Tamil Nadu","700","Experienced General Medicine specialist practicing at Government District Head Quarters Hospital, Nagapattinam. Committed to compassionate, quality healthcare in Nagapattinam.","Tamil, English","4.7","approved","""2026-08-03T13:37:41.402Z""","""2026-08-03T13:37:41.402Z""","0"
"""6a7099a50770fd734ecafc6c""","""6a7099a50770fd734ecafc6b""","""6a7099a40770fd734ecafb3e""","MBBS, MD","19","Government District Head Quarters Hospital, Nagapattinam","Nagapattinam","Tamil Nadu","750","Experienced Psychiatry specialist practicing at Government District Head Quarters Hospital, Nagapattinam. Committed to compassionate, quality healthcare in Nagapattinam.","Tamil, English","4.8","approved","""2026-08-03T13:37:41.416Z""","""2026-08-03T13:37:41.416Z""","0"
"""6a7099a50770fd734ecafc74""","""6a7099a50770fd734ecafc73""","""6a7099a40770fd734ecafb3f""","MBBS, MD","22","Government Head Quarters Hospital, Namakkal","Namakkal","Tamil Nadu","800","Experienced Gynecology specialist practicing at Government Head Quarters Hospital, Namakkal. Committed to compassionate, quality healthcare in Namakkal.","Tamil, English","4.9","approved","""2026-08-03T13:37:41.430Z""","""2026-08-03T13:37:41.430Z""","0"
"""6a7099a50770fd734ecafc7c""","""6a7099a50770fd734ecafc7b""","""6a7099a40770fd734ecafb38""","MBBS, MD","25","Government Head Quarters Hospital, Namakkal","Namakkal","Tamil Nadu","850","Experienced Cardiology specialist practicing at Government Head Quarters Hospital, Namakkal. Committed to compassionate, quality healthcare in Namakkal.","Tamil, English","4.5","approved","""2026-08-03T13:37:41.443Z""","""2026-08-03T13:37:41.443Z""","0"
"""6a7099a50770fd734ecafc84""","""6a7099a50770fd734ecafc83""","""6a7099a40770fd734ecafb39""","MBBS, MD","28","Government District Head Quarters Hospital, Ooty","The Nilgiris","Tamil Nadu","900","Experienced Dermatology specialist practicing at Government District Head Quarters Hospital, Ooty. Committed to compassionate, quality healthcare in The Nilgiris.","Tamil, English","4.6","approved","""2026-08-03T13:37:41.456Z""","""2026-08-03T13:37:41.456Z""","0"
"""6a7099a50770fd734ecafc8c""","""6a7099a50770fd734ecafc8b""","""6a7099a40770fd734ecafb3a""","MBBS, MD","6","Government District Head Quarters Hospital, Ooty","The Nilgiris","Tamil Nadu","950","Experienced Neurology specialist practicing at Government District Head Quarters Hospital, Ooty. Committed to compassionate, quality healthcare in The Nilgiris.","Tamil, English","4.7","approved","""2026-08-03T13:37:41.470Z""","""2026-08-03T13:37:41.470Z""","0"
"""6a7099a50770fd734ecafc94""","""6a7099a50770fd734ecafc93""","""6a7099a40770fd734ecafb3b""","MBBS, MD","9","Dhanalakshmi Srinivasan Medical College, Perambalur","Perambalur","Tamil Nadu","1000","Experienced Pediatrics specialist practicing at Dhanalakshmi Srinivasan Medical College, Perambalur. Committed to compassionate, quality healthcare in Perambalur.","Tamil, English","4.8","approved","""2026-08-03T13:37:41.485Z""","""2026-08-03T13:37:41.485Z""","0"
"""6a7099a50770fd734ecafc9c""","""6a7099a50770fd734ecafc9b""","""6a7099a40770fd734ecafb3c""","MBBS, MD","12","Dhanalakshmi Srinivasan Medical College, Perambalur","Perambalur","Tamil Nadu","500","Experienced Orthopedics specialist practicing at Dhanalakshmi Srinivasan Medical College, Perambalur. Committed to compassionate, quality healthcare in Perambalur.","Tamil, English","4.9","approved","""2026-08-03T13:37:41.499Z""","""2026-08-03T13:37:41.499Z""","0"
"""6a7099a50770fd734ecafca4""","""6a7099a50770fd734ecafca3""","""6a7099a40770fd734ecafb3d""","MBBS, MD","15","Dhanalakshmi Srinivasan Medical College, Perambalur","Perambalur","Tamil Nadu","550","Experienced General Medicine specialist practicing at Dhanalakshmi Srinivasan Medical College, Perambalur. Committed to compassionate, quality healthcare in Perambalur.","Tamil, English","4.5","approved","""2026-08-03T13:37:41.513Z""","""2026-08-03T13:37:41.513Z""","0"
"""6a7099a50770fd734ecafcac""","""6a7099a50770fd734ecafcab""","""6a7099a40770fd734ecafb3e""","MBBS, MD","18","Government Pudukkottai Medical College Hospital","Pudukkottai","Tamil Nadu","600","Experienced Psychiatry specialist practicing at Government Pudukkottai Medical College Hospital. Committed to compassionate, quality healthcare in Pudukkottai.","Tamil, English","4.6","approved","""2026-08-03T13:37:41.526Z""","""2026-08-03T13:37:41.526Z""","0"
"""6a7099a50770fd734ecafcb4""","""6a7099a50770fd734ecafcb3""","""6a7099a40770fd734ecafb3f""","MBBS, MD","21","Government Pudukkottai Medical College Hospital","Pudukkottai","Tamil Nadu","650","Experienced Gynecology specialist practicing at Government Pudukkottai Medical College Hospital. Committed to compassionate, quality healthcare in Pudukkottai.","Tamil, English","4.7","approved","""2026-08-03T13:37:41.539Z""","""2026-08-03T13:37:41.539Z""","0"
"""6a7099a50770fd734ecafcbc""","""6a7099a50770fd734ecafcbb""","""6a7099a40770fd734ecafb38""","MBBS, MD","24","Government Medical College Hospital, Ramanathapuram","Ramanathapuram","Tamil Nadu","700","Experienced Cardiology specialist practicing at Government Medical College Hospital, Ramanathapuram. Committed to compassionate, quality healthcare in Ramanathapuram.","Tamil, English","4.8","approved","""2026-08-03T13:37:41.553Z""","""2026-08-03T13:37:41.553Z""","0"
"""6a7099a50770fd734ecafcc4""","""6a7099a50770fd734ecafcc3""","""6a7099a40770fd734ecafb39""","MBBS, MD","27","Government Medical College Hospital, Ramanathapuram","Ramanathapuram","Tamil Nadu","750","Experienced Dermatology specialist practicing at Government Medical College Hospital, Ramanathapuram. Committed to compassionate, quality healthcare in Ramanathapuram.","Tamil, English","4.9","approved","""2026-08-03T13:37:41.567Z""","""2026-08-03T13:37:41.567Z""","0"
"""6a7099a50770fd734ecafccc""","""6a7099a50770fd734ecafccb""","""6a7099a40770fd734ecafb3a""","MBBS, MD","5","CMC Vellore Campus, Ranipet","Ranipet","Tamil Nadu","800","Experienced Neurology specialist practicing at CMC Vellore Campus, Ranipet. Committed to compassionate, quality healthcare in Ranipet.","Tamil, English","4.5","approved","""2026-08-03T13:37:41.582Z""","""2026-08-03T13:37:41.582Z""","0"
"""6a7099a50770fd734ecafcd4""","""6a7099a50770fd734ecafcd3""","""6a7099a40770fd734ecafb3b""","MBBS, MD","8","CMC Vellore Campus, Ranipet","Ranipet","Tamil Nadu","850","Experienced Pediatrics specialist practicing at CMC Vellore Campus, Ranipet. Committed to compassionate, quality healthcare in Ranipet.","Tamil, English","4.6","approved","""2026-08-03T13:37:41.598Z""","""2026-08-03T13:37:41.598Z""","0"
"""6a7099a50770fd734ecafcdc""","""6a7099a50770fd734ecafcdb""","""6a7099a40770fd734ecafb3c""","MBBS, MD","11","CMC Vellore Campus, Ranipet","Ranipet","Tamil Nadu","900","Experienced Orthopedics specialist practicing at CMC Vellore Campus, Ranipet. Committed to compassionate, quality healthcare in Ranipet.","Tamil, English","4.7","approved","""2026-08-03T13:37:41.611Z""","""2026-08-03T13:37:41.611Z""","0"
"""6a7099a50770fd734ecafce4""","""6a7099a50770fd734ecafce3""","""6a7099a40770fd734ecafb3d""","MBBS, MD","14","Manipal Hospital, Dalmia Board, Salem","Salem","Tamil Nadu","950","Experienced General Medicine specialist practicing at Manipal Hospital, Dalmia Board, Salem. Committed to compassionate, quality healthcare in Salem.","Tamil, English","4.8","approved","""2026-08-03T13:37:41.624Z""","""2026-08-03T13:37:41.624Z""","0"
"""6a7099a50770fd734ecafcec""","""6a7099a50770fd734ecafceb""","""6a7099a40770fd734ecafb3e""","MBBS, MD","17","Manipal Hospital, Dalmia Board, Salem","Salem","Tamil Nadu","1000","Experienced Psychiatry specialist practicing at Manipal Hospital, Dalmia Board, Salem. Committed to compassionate, quality healthcare in Salem.","Tamil, English","4.9","approved","""2026-08-03T13:37:41.638Z""","""2026-08-03T13:37:41.638Z""","0"
"""6a7099a50770fd734ecafcf4""","""6a7099a50770fd734ecafcf3""","""6a7099a40770fd734ecafb3f""","MBBS, MD","20","Government Sivagangai Medical College Hospital","Sivaganga","Tamil Nadu","500","Experienced Gynecology specialist practicing at Government Sivagangai Medical College Hospital. Committed to compassionate, quality healthcare in Sivaganga.","Tamil, English","4.5","approved","""2026-08-03T13:37:41.652Z""","""2026-08-03T13:37:41.652Z""","0"
"""6a7099a50770fd734ecafcfc""","""6a7099a50770fd734ecafcfb""","""6a7099a40770fd734ecafb38""","MBBS, MD","23","Government Sivagangai Medical College Hospital","Sivaganga","Tamil Nadu","550","Experienced Cardiology specialist practicing at Government Sivagangai Medical College Hospital. Committed to compassionate, quality healthcare in Sivaganga.","Tamil, English","4.6","approved","""2026-08-03T13:37:41.665Z""","""2026-08-03T13:37:41.665Z""","0"
"""6a7099a50770fd734ecafd04""","""6a7099a50770fd734ecafd03""","""6a7099a40770fd734ecafb39""","MBBS, MD","26","Government District Hospital, Tenkasi","Tenkasi","Tamil Nadu","600","Experienced Dermatology specialist practicing at Government District Hospital, Tenkasi. Committed to compassionate, quality healthcare in Tenkasi.","Tamil, English","4.7","approved","""2026-08-03T13:37:41.679Z""","""2026-08-03T13:37:41.679Z""","0"
"""6a7099a50770fd734ecafd0c""","""6a7099a50770fd734ecafd0b""","""6a7099a40770fd734ecafb3a""","MBBS, MD","29","Government District Hospital, Tenkasi","Tenkasi","Tamil Nadu","650","Experienced Neurology specialist practicing at Government District Hospital, Tenkasi. Committed to compassionate, quality healthcare in Tenkasi.","Tamil, English","4.8","approved","""2026-08-03T13:37:41.693Z""","""2026-08-03T13:37:41.693Z""","0"
"""6a7099a50770fd734ecafd14""","""6a7099a50770fd734ecafd13""","""6a7099a40770fd734ecafb3b""","MBBS, MD","7","Government District Hospital, Tenkasi","Tenkasi","Tamil Nadu","700","Experienced Pediatrics specialist practicing at Government District Hospital, Tenkasi. Committed to compassionate, quality healthcare in Tenkasi.","Tamil, English","4.9","approved","""2026-08-03T13:37:41.712Z""","""2026-08-03T13:37:41.712Z""","0"
"""6a7099a50770fd734ecafd1c""","""6a7099a50770fd734ecafd1b""","""6a7099a40770fd734ecafb3c""","MBBS, MD","10","Thanjavur Medical College Hospital, Thanjavur","Thanjavur","Tamil Nadu","750","Experienced Orthopedics specialist practicing at Thanjavur Medical College Hospital, Thanjavur. Committed to compassionate, quality healthcare in Thanjavur.","Tamil, English","4.5","approved","""2026-08-03T13:37:41.727Z""","""2026-08-03T13:37:41.727Z""","0"
"""6a7099a50770fd734ecafd24""","""6a7099a50770fd734ecafd23""","""6a7099a40770fd734ecafb3d""","MBBS, MD","13","Thanjavur Medical College Hospital, Thanjavur","Thanjavur","Tamil Nadu","800","Experienced General Medicine specialist practicing at Thanjavur Medical College Hospital, Thanjavur. Committed to compassionate, quality healthcare in Thanjavur.","Tamil, English","4.6","approved","""2026-08-03T13:37:41.741Z""","""2026-08-03T13:37:41.741Z""","0"
"""6a7099a50770fd734ecafd2c""","""6a7099a50770fd734ecafd2b""","""6a7099a40770fd734ecafb3e""","MBBS, MD","16","Government Theni Medical College Hospital, Theni","Theni","Tamil Nadu","850","Experienced Psychiatry specialist practicing at Government Theni Medical College Hospital, Theni. Committed to compassionate, quality healthcare in Theni.","Tamil, English","4.7","approved","""2026-08-03T13:37:41.755Z""","""2026-08-03T13:37:41.755Z""","0"
"""6a7099a50770fd734ecafd34""","""6a7099a50770fd734ecafd33""","""6a7099a40770fd734ecafb3f""","MBBS, MD","19","Government Theni Medical College Hospital, Theni","Theni","Tamil Nadu","900","Experienced Gynecology specialist practicing at Government Theni Medical College Hospital, Theni. Committed to compassionate, quality healthcare in Theni.","Tamil, English","4.8","approved","""2026-08-03T13:37:41.768Z""","""2026-08-03T13:37:41.768Z""","0"
"""6a7099a50770fd734ecafd3c""","""6a7099a50770fd734ecafd3b""","""6a7099a40770fd734ecafb38""","MBBS, MD","22","Government Medical College Hospital, Thoothukudi","Thoothukudi","Tamil Nadu","950","Experienced Cardiology specialist practicing at Government Medical College Hospital, Thoothukudi. Committed to compassionate, quality healthcare in Thoothukudi.","Tamil, English","4.9","approved","""2026-08-03T13:37:41.781Z""","""2026-08-03T13:37:41.781Z""","0"
"""6a7099a50770fd734ecafd44""","""6a7099a50770fd734ecafd43""","""6a7099a40770fd734ecafb39""","MBBS, MD","25","Government Medical College Hospital, Thoothukudi","Thoothukudi","Tamil Nadu","1000","Experienced Dermatology specialist practicing at Government Medical College Hospital, Thoothukudi. Committed to compassionate, quality healthcare in Thoothukudi.","Tamil, English","4.5","approved","""2026-08-03T13:37:41.794Z""","""2026-08-03T13:37:41.794Z""","0"
"""6a7099a50770fd734ecafd4c""","""6a7099a50770fd734ecafd4b""","""6a7099a40770fd734ecafb3a""","MBBS, MD","28","Government Medical College Hospital, Thoothukudi","Thoothukudi","Tamil Nadu","500","Experienced Neurology specialist practicing at Government Medical College Hospital, Thoothukudi. Committed to compassionate, quality healthcare in Thoothukudi.","Tamil, English","4.6","approved","""2026-08-03T13:37:41.808Z""","""2026-08-03T13:37:41.808Z""","0"
"""6a7099a50770fd734ecafd54""","""6a7099a50770fd734ecafd53""","""6a7099a40770fd734ecafb3b""","MBBS, MD","6","Kauvery Hospital, Cantonment, Tiruchirappalli","Tiruchirappalli","Tamil Nadu","550","Experienced Pediatrics specialist practicing at Kauvery Hospital, Cantonment, Tiruchirappalli. Committed to compassionate, quality healthcare in Tiruchirappalli.","Tamil, English","4.7","approved","""2026-08-03T13:37:41.824Z""","""2026-08-03T13:37:41.824Z""","0"
"""6a7099a50770fd734ecafd5c""","""6a7099a50770fd734ecafd5b""","""6a7099a40770fd734ecafb3c""","MBBS, MD","9","Kauvery Hospital, Cantonment, Tiruchirappalli","Tiruchirappalli","Tamil Nadu","600","Experienced Orthopedics specialist practicing at Kauvery Hospital, Cantonment, Tiruchirappalli. Committed to compassionate, quality healthcare in Tiruchirappalli.","Tamil, English","4.8","approved","""2026-08-03T13:37:41.844Z""","""2026-08-03T13:37:41.844Z""","0"
"""6a7099a50770fd734ecafd64""","""6a7099a50770fd734ecafd63""","""6a7099a40770fd734ecafb3d""","MBBS, MD","12","Tirunelveli Medical College Hospital, Tirunelveli","Tirunelveli","Tamil Nadu","650","Experienced General Medicine specialist practicing at Tirunelveli Medical College Hospital, Tirunelveli. Committed to compassionate, quality healthcare in Tirunelveli.","Tamil, English","4.9","approved","""2026-08-03T13:37:41.860Z""","""2026-08-03T13:37:41.860Z""","0"
"""6a7099a50770fd734ecafd6c""","""6a7099a50770fd734ecafd6b""","""6a7099a40770fd734ecafb3e""","MBBS, MD","15","Tirunelveli Medical College Hospital, Tirunelveli","Tirunelveli","Tamil Nadu","700","Experienced Psychiatry specialist practicing at Tirunelveli Medical College Hospital, Tirunelveli. Committed to compassionate, quality healthcare in Tirunelveli.","Tamil, English","4.5","approved","""2026-08-03T13:37:41.878Z""","""2026-08-03T13:37:41.878Z""","0"
"""6a7099a50770fd734ecafd74""","""6a7099a50770fd734ecafd73""","""6a7099a40770fd734ecafb3f""","MBBS, MD","18","Government Head Quarters Hospital, Tirupathur","Tirupathur","Tamil Nadu","750","Experienced Gynecology specialist practicing at Government Head Quarters Hospital, Tirupathur. Committed to compassionate, quality healthcare in Tirupathur.","Tamil, English","4.6","approved","""2026-08-03T13:37:41.895Z""","""2026-08-03T13:37:41.895Z""","0"
"""6a7099a50770fd734ecafd7c""","""6a7099a50770fd734ecafd7b""","""6a7099a40770fd734ecafb38""","MBBS, MD","21","Government Head Quarters Hospital, Tirupathur","Tirupathur","Tamil Nadu","800","Experienced Cardiology specialist practicing at Government Head Quarters Hospital, Tirupathur. Committed to compassionate, quality healthcare in Tirupathur.","Tamil, English","4.7","approved","""2026-08-03T13:37:41.911Z""","""2026-08-03T13:37:41.911Z""","0"
"""6a7099a50770fd734ecafd84""","""6a7099a50770fd734ecafd83""","""6a7099a40770fd734ecafb39""","MBBS, MD","24","Government Head Quarters Hospital, Tirupathur","Tirupathur","Tamil Nadu","850","Experienced Dermatology specialist practicing at Government Head Quarters Hospital, Tirupathur. Committed to compassionate, quality healthcare in Tirupathur.","Tamil, English","4.8","approved","""2026-08-03T13:37:41.928Z""","""2026-08-03T13:37:41.928Z""","0"
"""6a7099a50770fd734ecafd8c""","""6a7099a50770fd734ecafd8b""","""6a7099a40770fd734ecafb3a""","MBBS, MD","27","Revathi Medical Center, Tiruppur","Tiruppur","Tamil Nadu","900","Experienced Neurology specialist practicing at Revathi Medical Center, Tiruppur. Committed to compassionate, quality healthcare in Tiruppur.","Tamil, English","4.9","approved","""2026-08-03T13:37:41.946Z""","""2026-08-03T13:37:41.946Z""","0"
"""6a7099a50770fd734ecafd94""","""6a7099a50770fd734ecafd93""","""6a7099a40770fd734ecafb3b""","MBBS, MD","5","Revathi Medical Center, Tiruppur","Tiruppur","Tamil Nadu","950","Experienced Pediatrics specialist practicing at Revathi Medical Center, Tiruppur. Committed to compassionate, quality healthcare in Tiruppur.","Tamil, English","4.5","approved","""2026-08-03T13:37:41.961Z""","""2026-08-03T13:37:41.961Z""","0"
"""6a7099a50770fd734ecafd9c""","""6a7099a50770fd734ecafd9b""","""6a7099a40770fd734ecafb3c""","MBBS, MD","8","Government Medical College Hospital, Tiruvallur","Tiruvallur","Tamil Nadu","1000","Experienced Orthopedics specialist practicing at Government Medical College Hospital, Tiruvallur. Committed to compassionate, quality healthcare in Tiruvallur.","Tamil, English","4.6","approved","""2026-08-03T13:37:41.977Z""","""2026-08-03T13:37:41.977Z""","0"
"""6a7099a50770fd734ecafda4""","""6a7099a50770fd734ecafda3""","""6a7099a40770fd734ecafb3d""","MBBS, MD","11","Government Medical College Hospital, Tiruvallur","Tiruvallur","Tamil Nadu","500","Experienced General Medicine specialist practicing at Government Medical College Hospital, Tiruvallur. Committed to compassionate, quality healthcare in Tiruvallur.","Tamil, English","4.7","approved","""2026-08-03T13:37:41.992Z""","""2026-08-03T13:37:41.992Z""","0"
"""6a7099a60770fd734ecafdac""","""6a7099a60770fd734ecafdab""","""6a7099a40770fd734ecafb3e""","MBBS, MD","14","Government Medical College Hospital, Tiruvannamalai","Tiruvannamalai","Tamil Nadu","550","Experienced Psychiatry specialist practicing at Government Medical College Hospital, Tiruvannamalai. Committed to compassionate, quality healthcare in Tiruvannamalai.","Tamil, English","4.8","approved","""2026-08-03T13:37:42.010Z""","""2026-08-03T13:37:42.010Z""","0"
"""6a7099a60770fd734ecafdb4""","""6a7099a60770fd734ecafdb3""","""6a7099a40770fd734ecafb3f""","MBBS, MD","17","Government Medical College Hospital, Tiruvannamalai","Tiruvannamalai","Tamil Nadu","600","Experienced Gynecology specialist practicing at Government Medical College Hospital, Tiruvannamalai. Committed to compassionate, quality healthcare in Tiruvannamalai.","Tamil, English","4.9","approved","""2026-08-03T13:37:42.027Z""","""2026-08-03T13:37:42.027Z""","0"
"""6a7099a60770fd734ecafdbc""","""6a7099a60770fd734ecafdbb""","""6a7099a40770fd734ecafb38""","MBBS, MD","20","Government Medical College Hospital, Tiruvannamalai","Tiruvannamalai","Tamil Nadu","650","Experienced Cardiology specialist practicing at Government Medical College Hospital, Tiruvannamalai. Committed to compassionate, quality healthcare in Tiruvannamalai.","Tamil, English","4.5","approved","""2026-08-03T13:37:42.042Z""","""2026-08-03T13:37:42.042Z""","0"
"""6a7099a60770fd734ecafdc4""","""6a7099a60770fd734ecafdc3""","""6a7099a40770fd734ecafb39""","MBBS, MD","23","Government Tiruvarur Medical College Hospital","Tiruvarur","Tamil Nadu","700","Experienced Dermatology specialist practicing at Government Tiruvarur Medical College Hospital. Committed to compassionate, quality healthcare in Tiruvarur.","Tamil, English","4.6","approved","""2026-08-03T13:37:42.055Z""","""2026-08-03T13:37:42.055Z""","0"
"""6a7099a60770fd734ecafdcc""","""6a7099a60770fd734ecafdcb""","""6a7099a40770fd734ecafb3a""","MBBS, MD","26","Government Tiruvarur Medical College Hospital","Tiruvarur","Tamil Nadu","750","Experienced Neurology specialist practicing at Government Tiruvarur Medical College Hospital. Committed to compassionate, quality healthcare in Tiruvarur.","Tamil, English","4.7","approved","""2026-08-03T13:37:42.070Z""","""2026-08-03T13:37:42.070Z""","0"
"""6a7099a60770fd734ecafdd4""","""6a7099a60770fd734ecafdd3""","""6a7099a40770fd734ecafb3b""","MBBS, MD","29","Christian Medical College (CMC), Vellore","Vellore","Tamil Nadu","800","Experienced Pediatrics specialist practicing at Christian Medical College (CMC), Vellore. Committed to compassionate, quality healthcare in Vellore.","Tamil, English","4.8","approved","""2026-08-03T13:37:42.130Z""","""2026-08-03T13:37:42.130Z""","0"
"""6a7099a60770fd734ecafddc""","""6a7099a60770fd734ecafddb""","""6a7099a40770fd734ecafb3c""","MBBS, MD","7","Christian Medical College (CMC), Vellore","Vellore","Tamil Nadu","850","Experienced Orthopedics specialist practicing at Christian Medical College (CMC), Vellore. Committed to compassionate, quality healthcare in Vellore.","Tamil, English","4.9","approved","""2026-08-03T13:37:42.151Z""","""2026-08-03T13:37:42.151Z""","0"
"""6a7099a60770fd734ecafde4""","""6a7099a60770fd734ecafde3""","""6a7099a40770fd734ecafb3d""","MBBS, MD","10","Government Villupuram Medical College Hospital","Viluppuram","Tamil Nadu","900","Experienced General Medicine specialist practicing at Government Villupuram Medical College Hospital. Committed to compassionate, quality healthcare in Viluppuram.","Tamil, English","4.5","approved","""2026-08-03T13:37:42.169Z""","""2026-08-03T13:37:42.169Z""","0"
"""6a7099a60770fd734ecafdec""","""6a7099a60770fd734ecafdeb""","""6a7099a40770fd734ecafb3e""","MBBS, MD","13","Government Villupuram Medical College Hospital","Viluppuram","Tamil Nadu","950","Experienced Psychiatry specialist practicing at Government Villupuram Medical College Hospital. Committed to compassionate, quality healthcare in Viluppuram.","Tamil, English","4.6","approved","""2026-08-03T13:37:42.184Z""","""2026-08-03T13:37:42.184Z""","0"
"""6a7099a60770fd734ecafdf4""","""6a7099a60770fd734ecafdf3""","""6a7099a40770fd734ecafb3f""","MBBS, MD","16","Government Villupuram Medical College Hospital","Viluppuram","Tamil Nadu","1000","Experienced Gynecology specialist practicing at Government Villupuram Medical College Hospital. Committed to compassionate, quality healthcare in Viluppuram.","Tamil, English","4.7","approved","""2026-08-03T13:37:42.197Z""","""2026-08-03T13:37:42.197Z""","0"
"""6a7099a60770fd734ecafdfc""","""6a7099a60770fd734ecafdfb""","""6a7099a40770fd734ecafb38""","MBBS, MD","19","Government Medical College Hospital, Virudhunagar","Virudhunagar","Tamil Nadu","500","Experienced Cardiology specialist practicing at Government Medical College Hospital, Virudhunagar. Committed to compassionate, quality healthcare in Virudhunagar.","Tamil, English","4.8","approved","""2026-08-03T13:37:42.212Z""","""2026-08-03T13:37:42.212Z""","0"
"""6a7099a60770fd734ecafe04""","""6a7099a60770fd734ecafe03""","""6a7099a40770fd734ecafb39""","MBBS, MD","22","Government Medical College Hospital, Virudhunagar","Virudhunagar","Tamil Nadu","550","Experienced Dermatology specialist practicing at Government Medical College Hospital, Virudhunagar. Committed to compassionate, quality healthcare in Virudhunagar.","Tamil, English","4.9","approved","""2026-08-03T13:37:42.226Z""","""2026-08-03T13:37:42.226Z""","0"