_id,name,email,password,phone,role,profile_image,address,created_at,updated_at,__v
"""6a7099a40770fd734ecafb40""","System Administrator","admin@bookadoctor.com","$2a$10$4pd4QhMkFjwMdK8KpIcZVunVJbZ8LuGRshpNKuPSowIrLxwaVRT.i","+91-9876543210","admin","","Health HQ, Chennai, Tamil Nadu","""2026-08-03T13:37:40.845Z""","""2026-08-03T13:37:40.845Z""","0"
"""6a7099a40770fd734ecafb41""","John Doe","patient@example.com","$2a$10$0NEs5vW4iAeqHjkrHds04ucJKZ7j25djuG5.FfZ.LNuern5mpQayq","+91-9876543211","patient","","12 Anna Salai, Chennai, Tamil Nadu","""2026-08-03T13:37:40.849Z""","""2026-08-03T13:37:40.849Z""","0"
"""6a7099a40770fd734ecafb43""","Dr. Suresh Subramanian","suresh.subramanian1@bookadoctor.in","$2a$10$0NEs5vW4iAeqHjkrHds04ucJKZ7j25djuG5.FfZ.LNuern5mpQayq","+91-984000001","doctor","https://images.unsplash.com/photo-1537368910025-700350fe46c7?auto=format&fit=crop&q=80&w=400","Government Head Quarters Hospital, Ariyalur, Ariyalur, Tamil Nadu","""2026-08-03T13:37:40.855Z""","""2026-08-03T13:37:40.855Z""","0"
"""6a7099a40770fd734ecafb4b""","Dr. Lakshmi Natarajan","lakshmi.natarajan2@bookadoctor.in","$2a$10$0NEs5vW4iAeqHjkrHds04ucJKZ7j25djuG5.FfZ.LNuern5mpQayq","+91-984000002","doctor","https://images.unsplash.com/photo-1651008376811-b90baee60c1f?auto=format&fit=crop&q=80&w=400","Government Head Quarters Hospital, Ariyalur, Ariyalur, Tamil Nadu","""2026-08-03T13:37:40.878Z""","""2026-08-03T13:37:40.878Z""","0"
"""6a7099a40770fd734ecafb53""","Dr. Venkatesh Krishnan","venkatesh.krishnan3@bookadoctor.in","$2a$10$0NEs5vW4iAeqHjkrHds04ucJKZ7j25djuG5.FfZ.LNuern5mpQayq","+91-984000003","doctor","https://images.unsplash.com/photo-1582750433449-648ed127bb54?auto=format&fit=crop&q=80&w=400","Government Head Quarters Hospital, Ariyalur, Ariyalur, Tamil Nadu","""2026-08-03T13:37:40.897Z""","""2026-08-03T13:37:40.897Z""","0"
"""6a7099a40770fd734ecafb5b""","Dr. Meena Murugan","meena.murugan4@bookadoctor.in","$2a$10$0NEs5vW4iAeqHjkrHds04ucJKZ7j25djuG5.FfZ.LNuern5mpQayq","+91-984000004","doctor","https://images.unsplash.com/photo-1559839734-2b71ea197ec2?auto=format&fit=crop&q=80&w=400","Chengalpattu Medical College & Hospital, Chengalpattu, Tamil Nadu","""2026-08-03T13:37:40.914Z""","""2026-08-03T13:37:40.914Z""","0"
"""6a7099a40770fd734ecafb63""","Dr. Rajesh Iyengar","rajesh.iyengar5@bookadoctor.in","$2a$10$0NEs5vW4iAeqHjkrHds04ucJKZ7j25djuG5.FfZ.LNuern5mpQayq","+91-984000005","doctor","https://images.unsplash.com/photo-1622253692010-333f2da6031d?auto=format&fit=crop&q=80&w=400","Chengalpattu Medical College & Hospital, Chengalpattu, Tamil Nadu","""2026-08-03T13:37:40.933Z""","""2026-08-03T13:37:40.933Z""","0"
"""6a7099a40770fd734ecafb6b""","Dr. Radha Balasubramanian","radha.balasubramanian6@bookadoctor.in","$2a$10$0NEs5vW4iAeqHjkrHds04ucJKZ7j25djuG5.FfZ.LNuern5mpQayq","+91-984000006","doctor","https://images.unsplash.com/photo-1651008376811-b90baee60c1f?auto=format&fit=crop&q=80&w=400","Apollo Hospitals, Greams Road, Chennai, Chennai, Tamil Nadu","""2026-08-03T13:37:40.949Z""","""2026-08-03T13:37:40.949Z""","0"
"""6a7099a40770fd734ecafb73""","Dr. Vijay Chettiar","vijay.chettiar7@bookadoctor.in","$2a$10$0NEs5vW4iAeqHjkrHds04ucJKZ7j25djuG5.FfZ.LNuern5mpQayq","+91-984000007","doctor","https://images.unsplash.com/photo-1612349317150-e413f6a5b16d?auto=format&fit=crop&q=80&w=400","Apollo Hospitals, Greams Road, Chennai, Chennai, Tamil Nadu","""2026-08-03T13:37:40.963Z""","""2026-08-03T13:37:40.963Z""","0"
"""6a7099a40770fd734ecafb7b""","Dr. Sangeetha Pillai","sangeetha.pillai8@bookadoctor.in","$2a$10$0NEs5vW4iAeqHjkrHds04ucJKZ7j25djuG5.FfZ.LNuern5mpQayq","+91-984000008","doctor","https://images.unsplash.com/photo-1559839734-2b71ea197ec2?auto=format&fit=crop&q=80&w=400","Ganga Medical Centre & Hospitals, Coimbatore, Coimbatore, Tamil Nadu","""2026-08-03T13:37:40.977Z""","""2026-08-03T13:37:40.977Z""","0"
"""6a7099a40770fd734ecafb83""","Dr. Prakash Ganesan","prakash.ganesan9@bookadoctor.in","$2a$10$0NEs5vW4iAeqHjkrHds04ucJKZ7j25djuG5.FfZ.LNuern5mpQayq","+91-984000009","doctor","https://images.unsplash.com/photo-1576091160399-112ba8d25d1d?auto=format&fit=crop&q=80&w=400","Ganga Medical Centre & Hospitals, Coimbatore, Coimbatore, Tamil Nadu","""2026-08-03T13:37:40.991Z""","""2026-08-03T13:37:40.991Z""","0"
"""6a7099a50770fd734ecafb8b""","Dr. Aarthi Srinivasan","aarthi.srinivasan10@bookadoctor.in","$2a$10$0NEs5vW4iAeqHjkrHds04ucJKZ7j25djuG5.FfZ.LNuern5mpQayq","+91-984000010","doctor","https://images.unsplash.com/photo-1651008376811-b90baee60c1f?auto=format&fit=crop&q=80&w=400","Ganga Medical Centre & Hospitals, Coimbatore, Coimbatore, Tamil Nadu","""2026-08-03T13:37:41.005Z""","""2026-08-03T13:37:41.005Z""","0"
"""6a7099a50770fd734ecafb93""","Dr. Sanjay Raghavan","sanjay.raghavan11@bookadoctor.in","$2a$10$0NEs5vW4iAeqHjkrHds04ucJKZ7j25djuG5.FfZ.LNuern5mpQayq","+91-984000011","doctor","https://images.unsplash.com/photo-1537368910025-700350fe46c7?auto=format&fit=crop&q=80&w=400","Rajah Muthiah Medical College & Hospital, Cuddalore, Cuddalore, Tamil Nadu","""2026-08-03T13:37:41.021Z""","""2026-08-03T13:37:41.021Z""","0"
"""6a7099a50770fd734ecafb9b""","Dr. Nithya Sundaram","nithya.sundaram12@bookadoctor.in","$2a$10$0NEs5vW4iAeqHjkrHds04ucJKZ7j25djuG5.FfZ.LNuern5mpQayq","+91-984000012","doctor","https://images.unsplash.com/photo-1559839734-2b71ea197ec2?auto=format&fit=crop&q=80&w=400","Rajah Muthiah Medical College & Hospital, Cuddalore, Cuddalore, Tamil Nadu","""2026-08-03T13:37:41.035Z""","""2026-08-03T13:37:41.035Z""","0"
"""6a7099a50770fd734ecafba3""","Dr. Manoj Ramanathan","manoj.ramanathan13@bookadoctor.in","$2a$10$0NEs5vW4iAeqHjkrHds04ucJKZ7j25djuG5.FfZ.LNuern5mpQayq","+91-984000013","doctor","https://images.unsplash.com/photo-1582750433449-648ed127bb54?auto=format&fit=crop&q=80&w=400","Dharmapuri Government Medical College Hospital, Dharmapuri, Tamil Nadu","""2026-08-03T13:37:41.050Z""","""2026-08-03T13:37:41.050Z""","0"
"""6a7099a50770fd734ecafbab""","Dr. Kavitha Subramanian","kavitha.subramanian14@bookadoctor.in","$2a$10$0NEs5vW4iAeqHjkrHds04ucJKZ7j25djuG5.FfZ.LNuern5mpQayq","+91-984000014","doctor","https://images.unsplash.com/photo-1651008376811-b90baee60c1f?auto=format&fit=crop&q=80&w=400","Dharmapuri Government Medical College Hospital, Dharmapuri, Tamil Nadu","""2026-08-03T13:37:41.069Z""","""2026-08-03T13:37:41.069Z""","0"
"""6a7099a50770fd734ecafbb3""","Dr. Suresh Natarajan","suresh.natarajan15@bookadoctor.in","$2a$10$0NEs5vW4iAeqHjkrHds04ucJKZ7j25djuG5.FfZ.LNuern5mpQayq","+91-984000015","doctor","https://images.unsplash.com/photo-1622253692010-333f2da6031d?auto=format&fit=crop&q=80&w=400","City Care Specialty Hospital, Dindigul, Dindigul, Tamil Nadu","""2026-08-03T13:37:41.084Z""","""2026-08-03T13:37:41.084Z""","0"
"""6a7099a50770fd734ecafbbb""","Dr. Anitha Krishnan","anitha.krishnan16@bookadoctor.in","$2a$10$0NEs5vW4iAeqHjkrHds04ucJKZ7j25djuG5.FfZ.LNuern5mpQayq","+91-984000016","doctor","https://images.unsplash.com/photo-1559839734-2b71ea197ec2?auto=format&fit=crop&q=80&w=400","City Care Specialty Hospital, Dindigul, Dindigul, Tamil Nadu","""2026-08-03T13:37:41.100Z""","""2026-08-03T13:37:41.100Z""","0"
"""6a7099a50770fd734ecafbc3""","Dr. Venkatesh Murugan","venkatesh.murugan17@bookadoctor.in","$2a$10$0NEs5vW4iAeqHjkrHds04ucJKZ7j25djuG5.FfZ.LNuern5mpQayq","+91-984000017","doctor","https://images.unsplash.com/photo-1612349317150-e413f6a5b16d?auto=format&fit=crop&q=80&w=400","City Care Specialty Hospital, Dindigul, Dindigul, Tamil Nadu","""2026-08-03T13:37:41.115Z""","""2026-08-03T13:37:41.115Z""","0"
"""6a7099a50770fd734ecafbcb""","Dr. Deepa Iyengar","deepa.iyengar18@bookadoctor.in","$2a$10$0NEs5vW4iAeqHjkrHds04ucJKZ7j25djuG5.FfZ.LNuern5mpQayq","+91-984000018","doctor","https://images.unsplash.com/photo-1651008376811-b90baee60c1f?auto=format&fit=crop&q=80&w=400","Lotus Hospital & Research Centre, Erode, Erode, Tamil Nadu","""2026-08-03T13:37:41.130Z""","""2026-08-03T13:37:41.130Z""","0"
"""6a7099a50770fd734ecafbd3""","Dr. Rajesh Balasubramanian","rajesh.balasubramanian19@bookadoctor.in","$2a$10$0NEs5vW4iAeqHjkrHds04ucJKZ7j25djuG5.FfZ.LNuern5mpQayq","+91-984000019","doctor","https://images.unsplash.com/photo-1576091160399-112ba8d25d1d?auto=format&fit=crop&q=80&w=400","Lotus Hospital & Research Centre, Erode, Erode, Tamil Nadu","""2026-08-03T13:37:41.144Z""","""2026-08-03T13:37:41.144Z""","0"
"""6a7099a50770fd734ecafbdb""","Dr. Divya Chettiar","divya.chettiar20@bookadoctor.in","$2a$10$0NEs5vW4iAeqHjkrHds04ucJKZ7j25djuG5.FfZ.LNuern5mpQayq","+91-984000020","doctor","https://images.unsplash.com/photo-1559839734-2b71ea197ec2?auto=format&fit=crop&q=80&w=400","Government Medical College Hospital, Kallakurichi, Kallakurichi, Tamil Nadu","""2026-08-03T13:37:41.158Z""","""2026-08-03T13:37:41.158Z""","0"
"""6a7099a50770fd734ecafbe3""","Dr. Vijay Pillai","vijay.pillai21@bookadoctor.in","$2a$10$0NEs5vW4iAeqHjkrHds04ucJKZ7j25djuG5.FfZ.LNuern5mpQayq","+91-984000021","doctor","https://images.unsplash.com/photo-1537368910025-700350fe46c7?auto=format&fit=crop&q=80&w=400","Government Medical College Hospital, Kallakurichi, Kallakurichi, Tamil Nadu","""2026-08-03T13:37:41.171Z""","""2026-08-03T13:37:41.171Z""","0"
"""6a7099a50770fd734ecafbeb""","Dr. Revathi Ganesan","revathi.ganesan22@bookadoctor.in","$2a$10$0NEs5vW4iAeqHjkrHds04ucJKZ7j25djuG5.FfZ.LNuern5mpQayq","+91-984000022","doctor","https://images.unsplash.com/photo-1651008376811-b90baee60c1f?auto=format&fit=crop&q=80&w=400","Sri Ramachandra Specialty Clinic, Kancheepuram, Kancheepuram, Tamil Nadu","""2026-08-03T13:37:41.186Z""","""2026-08-03T13:37:41.186Z""","0"
"""6a7099a50770fd734ecafbf3""","Dr. Prakash Srinivasan","prakash.srinivasan23@bookadoctor.in","$2a$10$0NEs5vW4iAeqHjkrHds04ucJKZ7j25djuG5.FfZ.LNuern5mpQayq","+91-984000023","doctor","https://images.unsplash.com/photo-1582750433449-648ed127bb54?auto=format&fit=crop&q=80&w=400","Sri Ramachandra Specialty Clinic, Kancheepuram, Kancheepuram, Tamil Nadu","""2026-08-03T13:37:41.200Z""","""2026-08-03T13:37:41.200Z""","0"
"""6a7099a50770fd734ecafbfb""","Dr. Gayathri Raghavan","gayathri.raghavan24@bookadoctor.in","$2a$10$0NEs5vW4iAeqHjkrHds04ucJKZ7j25djuG5.FfZ.LNuern5mpQayq","+91-984000024","doctor","https://images.unsplash.com/photo-1559839734-2b71ea197ec2?auto=format&fit=crop&q=80&w=400","Sri Ramachandra Specialty Clinic, Kancheepuram, Kancheepuram, Tamil Nadu","""2026-08-03T13:37:41.215Z""","""2026-08-03T13:37:41.215Z""","0"
"""6a7099a50770fd734ecafc03""","Dr. Sanjay Sundaram","sanjay.sundaram25@bookadoctor.in","$2a$10$0NEs5vW4iAeqHjkrHds04ucJKZ7j25djuG5.FfZ.LNuern5mpQayq","+91-984000025","doctor","https://images.unsplash.com/photo-1622253692010-333f2da6031d?auto=format&fit=crop&q=80&w=400","Kanyakumari Medical College Hospital, Nagercoil, Kanniyakumari, Tamil Nadu","""2026-08-03T13:37:41.229Z""","""2026-08-03T13:37:41.229Z""","0"
"""6a7099a50770fd734ecafc0b""","Dr. Priya Ramanathan","priya.ramanathan26@bookadoctor.in","$2a$10$0NEs5vW4iAeqHjkrHds04ucJKZ7j25djuG5.FfZ.LNuern5mpQayq","+91-984000026","doctor","https://images.unsplash.com/photo-1651008376811-b90baee60c1f?auto=format&fit=crop&q=80&w=400","Kanyakumari Medical College Hospital, Nagercoil, Kanniyakumari, Tamil Nadu","""2026-08-03T13:37:41.242Z""","""2026-08-03T13:37:41.242Z""","0"
"""6a7099a50770fd734ecafc13""","Dr. Manoj Subramanian","manoj.subramanian27@bookadoctor.in","$2a$10$0NEs5vW4iAeqHjkrHds04ucJKZ7j25djuG5.FfZ.LNuern5mpQayq","+91-984000027","doctor","https://images.unsplash.com/photo-1612349317150-e413f6a5b16d?auto=format&fit=crop&q=80&w=400","Government Medical College Hospital, Karur, Karur, Tamil Nadu","""2026-08-03T13:37:41.258Z""","""2026-08-03T13:37:41.258Z""","0"
"""6a7099a50770fd734ecafc1b""","Dr. Lakshmi Natarajan","lakshmi.natarajan28@bookadoctor.in","$2a$10$0NEs5vW4iAeqHjkrHds04ucJKZ7j25djuG5.FfZ.LNuern5mpQayq","+91-984000028","doctor","https://images.unsplash.com/photo-1559839734-2b71ea197ec2?auto=format&fit=crop&q=80&w=400","Government Medical College Hospital, Karur, Karur, Tamil Nadu","""2026-08-03T13:37:41.273Z""","""2026-08-03T13:37:41.273Z""","0"
"""6a7099a50770fd734ecafc23""","Dr. Suresh Krishnan","suresh.krishnan29@bookadoctor.in","$2a$10$0NEs5vW4iAeqHjkrHds04ucJKZ7j25djuG5.FfZ.LNuern5mpQayq","+91-984000029","doctor","https://images.unsplash.com/photo-1576091160399-112ba8d25d1d?auto=format&fit=crop&q=80&w=400","Kauvery Multi-Specialty Clinic, Krishnagiri, Krishnagiri, Tamil Nadu","""2026-08-03T13:37:41.286Z""","""2026-08-03T13:37:41.286Z""","0"
"""6a7099a50770fd734ecafc2b""","Dr. Meena Murugan","meena.murugan30@bookadoctor.in","$2a$10$0NEs5vW4iAeqHjkrHds04ucJKZ7j25djuG5.FfZ.LNuern5mpQayq","+91-984000030","doctor","https://images.unsplash.com/photo-1651008376811-b90baee60c1f?auto=format&fit=crop&q=80&w=400","Kauvery Multi-Specialty Clinic, Krishnagiri, Krishnagiri, Tamil Nadu","""2026-08-03T13:37:41.302Z""","""2026-08-03T13:37:41.302Z""","0"
"""6a7099a50770fd734ecafc33""","Dr. Venkatesh Iyengar","venkatesh.iyengar31@bookadoctor.in","$2a$10$0NEs5vW4iAeqHjkrHds04ucJKZ7j25djuG5.FfZ.LNuern5mpQayq","+91-984000031","doctor","https://images.unsplash.com/photo-1537368910025-700350fe46c7?auto=format&fit=crop&q=80&w=400","Kauvery Multi-Specialty Clinic, Krishnagiri, Krishnagiri, Tamil Nadu","""2026-08-03T13:37:41.317Z""","""2026-08-03T13:37:41.317Z""","0"
"""6a7099a50770fd734ecafc3b""","Dr. Radha Balasubramanian","radha.balasubramanian32@bookadoctor.in","$2a$10$0NEs5vW4iAeqHjkrHds04ucJKZ7j25djuG5.FfZ.LNuern5mpQayq","+91-984000032","doctor","https://images.unsplash.com/photo-1559839734-2b71ea197ec2?auto=format&fit=crop&q=80&w=400","Meenakshi Mission Hospital & Research Centre, Madurai, Madurai, Tamil Nadu","""2026-08-03T13:37:41.330Z""","""2026-08-03T13:37:41.330Z""","0"
"""6a7099a50770fd734ecafc43""","Dr. Rajesh Chettiar","rajesh.chettiar33@bookadoctor.in","$2a$10$0NEs5vW4iAeqHjkrHds04ucJKZ7j25djuG5.FfZ.LNuern5mpQayq","+91-984000033","doctor","https://images.unsplash.com/photo-1582750433449-648ed127bb54?auto=format&fit=crop&q=80&w=400","Meenakshi Mission Hospital & Research Centre, Madurai, Madurai, Tamil Nadu","""2026-08-03T13:37:41.343Z""","""2026-08-03T13:37:41.343Z""","0"
"""6a7099a50770fd734ecafc4b""","Dr. Sangeetha Pillai","sangeetha.pillai34@bookadoctor.in","$2a$10$0NEs5vW4iAeqHjkrHds04ucJKZ7j25djuG5.FfZ.LNuern5mpQayq","+91-984000034","doctor","https://images.unsplash.com/photo-1651008376811-b90baee60c1f?auto=format&fit=crop&q=80&w=400","Government General Hospital, Mayiladuthurai, Mayiladuthurai, Tamil Nadu","""2026-08-03T13:37:41.357Z""","""2026-08-03T13:37:41.357Z""","0"
"""6a7099a50770fd734ecafc53""","Dr. Vijay Ganesan","vijay.ganesan35@bookadoctor.in","$2a$10$0NEs5vW4iAeqHjkrHds04ucJKZ7j25djuG5.FfZ.LNuern5mpQayq","+91-984000035","doctor","https://images.unsplash.com/photo-1622253692010-333f2da6031d?auto=format&fit=crop&q=80&w=400","Government General Hospital, Mayiladuthurai, Mayiladuthurai, Tamil Nadu","""2026-08-03T13:37:41.371Z""","""2026-08-03T13:37:41.371Z""","0"
"""6a7099a50770fd734ecafc5b""","Dr. Aarthi Srinivasan","aarthi.srinivasan36@bookadoctor.in","$2a$10$0NEs5vW4iAeqHjkrHds04ucJKZ7j25djuG5.FfZ.LNuern5mpQayq","+91-984000036","doctor","https://images.unsplash.com/photo-1559839734-2b71ea197ec2?auto=format&fit=crop&q=80&w=400","Government District Head Quarters Hospital, Nagapattinam, Nagapattinam, Tamil Nadu","""2026-08-03T13:37:41.385Z""","""2026-08-03T13:37:41.385Z""","0"
"""6a7099a50770fd734ecafc63""","Dr. Prakash Raghavan","prakash.raghavan37@bookadoctor.in","$2a$10$0NEs5vW4iAeqHjkrHds04ucJKZ7j25djuG5.FfZ.LNuern5mpQayq","+91-984000037","doctor","https://images.unsplash.com/photo-1612349317150-e413f6a5b16d?auto=format&fit=crop&q=80&w=400","Government District Head Quarters Hospital, Nagapattinam, Nagapattinam, Tamil Nadu","""2026-08-03T13:37:41.401Z""","""2026-08-03T13:37:41.401Z""","0"
"""6a7099a50770fd734ecafc6b""","Dr. Nithya Sundaram","nithya.sundaram38@bookadoctor.in","$2a$10$0NEs5vW4iAeqHjkrHds04ucJKZ7j25djuG5.FfZ.LNuern5mpQayq","+91-984000038","doctor","https://images.unsplash.com/photo-1651008376811-b90baee60c1f?auto=format&fit=crop&q=80&w=400","Government District Head Quarters Hospital, Nagapattinam, Nagapattinam, Tamil Nadu","""2026-08-03T13:37:41.414Z""","""2026-08-03T13:37:41.414Z""","0"
"""6a7099a50770fd734ecafc73""","Dr. Sanjay Ramanathan","sanjay.ramanathan39@bookadoctor.in","$2a$10$0NEs5vW4iAeqHjkrHds04ucJKZ7j25djuG5.FfZ.LNuern5mpQayq","+91-984000039","doctor","https://images.unsplash.com/photo-1576091160399-112ba8d25d1d?auto=format&fit=crop&q=80&w=400","Government Head Quarters Hospital, Namakkal, Namakkal, Tamil Nadu","""2026-08-03T13:37:41.428Z""","""2026-08-03T13:37:41.428Z""","0"
"""6a7099a50770fd734ecafc7b""","Dr. Kavitha Subramanian","kavitha.subramanian40@bookadoctor.in","$2a$10$0NEs5vW4iAeqHjkrHds04ucJKZ7j25djuG5.FfZ.LNuern5mpQayq","+91-984000040","doctor","https://images.unsplash.com/photo-1559839734-2b71ea197ec2?auto=format&fit=crop&q=80&w=400","Government Head Quarters Hospital, Namakkal, Namakkal, Tamil Nadu","""2026-08-03T13:37:41.441Z""","""2026-08-03T13:37:41.441Z""","0"
"""6a7099a50770fd734ecafc83""","Dr. Manoj Natarajan","manoj.natarajan41@bookadoctor.in","$2a$10$0NEs5vW4iAeqHjkrHds04ucJKZ7j25djuG5.FfZ.LNuern5mpQayq","+91-984000041","doctor","https://images.unsplash.com/photo-1537368910025-700350fe46c7?auto=format&fit=crop&q=80&w=400","Government District Head Quarters Hospital, Ooty, The Nilgiris, Tamil Nadu","""2026-08-03T13:37:41.454Z""","""2026-08-03T13:37:41.454Z""","0"
"""6a7099a50770fd734ecafc8b""","Dr. Anitha Krishnan","anitha.krishnan42@bookadoctor.in","$2a$10$0NEs5vW4iAeqHjkrHds04ucJKZ7j25djuG5.FfZ.LNuern5mpQayq","+91-984000042","doctor","https://images.unsplash.com/photo-1651008376811-b90baee60c1f?auto=format&fit=crop&q=80&w=400","Government District Head Quarters Hospital, Ooty, The Nilgiris, Tamil Nadu","""2026-08-03T13:37:41.468Z""","""2026-08-03T13:37:41.468Z""","0"
"""6a7099a50770fd734ecafc93""","Dr. Suresh Murugan","suresh.murugan43@bookadoctor.in","$2a$10$0NEs5vW4iAeqHjkrHds04ucJKZ7j25djuG5.FfZ.LNuern5mpQayq","+91-984000043","doctor","https://images.unsplash.com/photo-1582750433449-648ed127bb54?auto=format&fit=crop&q=80&w=400","Dhanalakshmi Srinivasan Medical College, Perambalur, Perambalur, Tamil Nadu","""2026-08-03T13:37:41.483Z""","""2026-08-03T13:37:41.483Z""","0"
"""6a7099a50770fd734ecafc9b""","Dr. Deepa Iyengar","deepa.iyengar44@bookadoctor.in","$2a$10$0NEs5vW4iAeqHjkrHds04ucJKZ7j25djuG5.FfZ.LNuern5mpQayq","+91-984000044","doctor","https://images.unsplash.com/photo-1559839734-2b71ea197ec2?auto=format&fit=crop&q=80&w=400","Dhanalakshmi Srinivasan Medical College, Perambalur, Perambalur, Tamil Nadu","""2026-08-03T13:37:41.497Z""","""2026-08-03T13:37:41.497Z""","0"
"""6a7099a50770fd734ecafca3""","Dr. Venkatesh Balasubramanian","venkatesh.balasubramanian45@bookadoctor.in","$2a$10$0NEs5vW4iAeqHjkrHds04ucJKZ7j25djuG5.FfZ.LNuern5mpQayq","+91-984000045","doctor","https://images.unsplash.com/photo-1622253692010-333f2da6031d?auto=format&fit=crop&q=80&w=400","Dhanalakshmi Srinivasan Medical College, Perambalur, Perambalur, Tamil Nadu","""2026-08-03T13:37:41.511Z""","""2026-08-03T13:37:41.511Z""","0"
"""6a7099a50770fd734ecafcab""","Dr. Divya Chettiar","divya.chettiar46@bookadoctor.in","$2a$10$0NEs5vW4iAeqHjkrHds04ucJKZ7j25djuG5.FfZ.LNuern5mpQayq","+91-984000046","doctor","https://images.unsplash.com/photo-1651008376811-b90baee60c1f?auto=format&fit=crop&q=80&w=400","Government Pudukkottai Medical College Hospital, Pudukkottai, Tamil Nadu","""2026-08-03T13:37:41.524Z""","""2026-08-03T13:37:41.524Z""","0"
"""6a7099a50770fd734ecafcb3""","Dr. Rajesh Pillai","rajesh.pillai47@bookadoctor.in","$2a$10$0NEs5vW4iAeqHjkrHds04ucJKZ7j25djuG5.FfZ.LNuern5mpQayq","+91-984000047","doctor","https://images.unsplash.com/photo-1612349317150-e413f6a5b16d?auto=format&fit=crop&q=80&w=400","Government Pudukkottai Medical College Hospital, Pudukkottai, Tamil Nadu","""2026-08-03T13:37:41.538Z""","""2026-08-03T13:37:41.538Z""","0"
"""6a7099a50770fd734ecafcbb""","Dr. Revathi Ganesan","revathi.ganesan48@bookadoctor.in","$2a$10$0NEs5vW4iAeqHjkrHds04ucJKZ7j25djuG5.FfZ.LNuern5mpQayq","+91-984000048","doctor","https://images.unsplash.com/photo-1559839734-2b71ea197ec2?auto=format&fit=crop&q=80&w=400","Government Medical College Hospital, Ramanathapuram, Ramanathapuram, Tamil Nadu","""2026-08-03T13:37:41.551Z""","""2026-08-03T13:37:41.551Z""","0"
"""6a7099a50770fd734ecafcc3""","Dr. Vijay Srinivasan","vijay.srinivasan49@bookadoctor.in","$2a$10$0NEs5vW4iAeqHjkrHds04ucJKZ7j25djuG5.FfZ.LNuern5mpQayq","+91-984000049","doctor","https://images.unsplash.com/photo-1576091160399-112ba8d25d1d?auto=format&fit=crop&q=80&w=400","Government Medical College Hospital, Ramanathapuram, Ramanathapuram, Tamil Nadu","""2026-08-03T13:37:41.565Z""","""2026-08-03T13:37:41.565Z""","0"
"""6a7099a50770fd734ecafccb""","Dr. Gayathri Raghavan","gayathri.raghavan50@bookadoctor.in","$2a$10$0NEs5vW4iAeqHjkrHds04ucJKZ7j25djuG5.FfZ.LNuern5mpQayq","+91-984000050","doctor","https://images.unsplash.com/photo-1651008376811-b90baee60c1f?auto=format&fit=crop&q=80&w=400","CMC Vellore Campus, Ranipet, Ranipet, Tamil Nadu","""2026-08-03T13:37:41.580Z""","""2026-08-03T13:37:41.580Z""","0"
"""6a7099a50770fd734ecafcd3""","Dr. Prakash Sundaram","prakash.sundaram51@bookadoctor.in","$2a$10$0NEs5vW4iAeqHjkrHds04ucJKZ7j25djuG5.FfZ.LNuern5mpQayq","+91-984000051","doctor","https://images.unsplash.com/photo-1537368910025-700350fe46c7?auto=format&fit=crop&q=80&w=400","CMC Vellore Campus, Ranipet, Ranipet, Tamil Nadu","""2026-08-03T13:37:41.596Z""","""2026-08-03T13:37:41.596Z""","0"
"""6a7099a50770fd734ecafcdb""","Dr. Priya Ramanathan","priya.ramanathan52@bookadoctor.in","$2a$10$0NEs5vW4iAeqHjkrHds04ucJKZ7j25djuG5.FfZ.LNuern5mpQayq","+91-984000052","doctor","https://images.unsplash.com/photo-1559839734-2b71ea197ec2?auto=format&fit=crop&q=80&w=400","CMC Vellore Campus, Ranipet, Ranipet, Tamil Nadu","""2026-08-03T13:37:41.609Z""","""2026-08-03T13:37:41.609Z""","0"
"""6a7099a50770fd734ecafce3""","Dr. Sanjay Subramanian","sanjay.subramanian53@bookadoctor.in","$2a$10$0NEs5vW4iAeqHjkrHds04ucJKZ7j25djuG5.FfZ.LNuern5mpQayq","+91-984000053","doctor","https://images.unsplash.com/photo-1582750433449-648ed127bb54?auto=format&fit=crop&q=80&w=400","Manipal Hospital, Dalmia Board, Salem, Salem, Tamil Nadu","""2026-08-03T13:37:41.623Z""","""2026-08-03T13:37:41.623Z""","0"
"""6a7099a50770fd734ecafceb""","Dr. Lakshmi Natarajan","lakshmi.natarajan54@bookadoctor.in","$2a$10$0NEs5vW4iAeqHjkrHds04ucJKZ7j25djuG5.FfZ.LNuern5mpQayq","+91-984000054","doctor","https://images.unsplash.com/photo-1651008376811-b90baee60c1f?auto=format&fit=crop&q=80&w=400","Manipal Hospital, Dalmia Board, Salem, Salem, Tamil Nadu","""2026-08-03T13:37:41.636Z""","""2026-08-03T13:37:41.636Z""","0"
"""6a7099a50770fd734ecafcf3""","Dr. Manoj Krishnan","manoj.krishnan55@bookadoctor.in","$2a$10$0NEs5vW4iAeqHjkrHds04ucJKZ7j25djuG5.FfZ.LNuern5mpQayq","+91-984000055","doctor","https://images.unsplash.com/photo-1622253692010-333f2da6031d?auto=format&fit=crop&q=80&w=400","Government Sivagangai Medical College Hospital, Sivaganga, Tamil Nadu","""2026-08-03T13:37:41.650Z""","""2026-08-03T13:37:41.650Z""","0"
"""6a7099a50770fd734ecafcfb""","Dr. Meena Murugan","meena.murugan56@bookadoctor.in","$2a$10$0NEs5vW4iAeqHjkrHds04ucJKZ7j25djuG5.FfZ.LNuern5mpQayq","+91-984000056","doctor","https://images.unsplash.com/photo-1559839734-2b71ea197ec2?auto=format&fit=crop&q=80&w=400","Government Sivagangai Medical College Hospital, Sivaganga, Tamil Nadu","""2026-08-03T13:37:41.663Z""","""2026-08-03T13:37:41.663Z""","0"
"""6a7099a50770fd734ecafd03""","Dr. Suresh Iyengar","suresh.iyengar57@bookadoctor.in","$2a$10$0NEs5vW4iAeqHjkrHds04ucJKZ7j25djuG5.FfZ.LNuern5mpQayq","+91-984000057","doctor","https://images.unsplash.com/photo-1612349317150-e413f6a5b16d?auto=format&fit=crop&q=80&w=400","Government District Hospital, Tenkasi, Tenkasi, Tamil Nadu","""2026-08-03T13:37:41.677Z""","""2026-08-03T13:37:41.677Z""","0"
"""6a7099a50770fd734ecafd0b""","Dr. Radha Balasubramanian","radha.balasubramanian58@bookadoctor.in","$2a$10$0NEs5vW4iAeqHjkrHds04ucJKZ7j25djuG5.FfZ.LNuern5mpQayq","+91-984000058","doctor","https://images.unsplash.com/photo-1651008376811-b90baee60c1f?auto=format&fit=crop&q=80&w=400","Government District Hospital, Tenkasi, Tenkasi, Tamil Nadu","""2026-08-03T13:37:41.692Z""","""2026-08-03T13:37:41.692Z""","0"
"""6a7099a50770fd734ecafd13""","Dr. Venkatesh Chettiar","venkatesh.chettiar59@bookadoctor.in","$2a$10$0NEs5vW4iAeqHjkrHds04ucJKZ7j25djuG5.FfZ.LNuern5mpQayq","+91-984000059","doctor","https://images.unsplash.com/photo-1576091160399-112ba8d25d1d?auto=format&fit=crop&q=80&w=400","Government District Hospital, Tenkasi, Tenkasi, Tamil Nadu","""2026-08-03T13:37:41.709Z""","""2026-08-03T13:37:41.709Z""","0"
"""6a7099a50770fd734ecafd1b""","Dr. Sangeetha Pillai","sangeetha.pillai60@bookadoctor.in","$2a$10$0NEs5vW4iAeqHjkrHds04ucJKZ7j25djuG5.FfZ.LNuern5mpQayq","+91-984000060","doctor","https://images.unsplash.com/photo-1559839734-2b71ea197ec2?auto=format&fit=crop&q=80&w=400","Thanjavur Medical College Hospital, Thanjavur, Thanjavur, Tamil Nadu","""2026-08-03T13:37:41.725Z""","""2026-08-03T13:37:41.725Z""","0"
"""6a7099a50770fd734ecafd23""","Dr. Rajesh Ganesan","rajesh.ganesan61@bookadoctor.in","$2a$10$0NEs5vW4iAeqHjkrHds04ucJKZ7j25djuG5.FfZ.LNuern5mpQayq","+91-984000061","doctor","https://images.unsplash.com/photo-1537368910025-700350fe46c7?auto=format&fit=crop&q=80&w=400","Thanjavur Medical College Hospital, Thanjavur, Thanjavur, Tamil Nadu","""2026-08-03T13:37:41.739Z""","""2026-08-03T13:37:41.739Z""","0"
"""6a7099a50770fd734ecafd2b""","Dr. Aarthi Srinivasan","aarthi.srinivasan62@bookadoctor.in","$2a$10$0NEs5vW4iAeqHjkrHds04ucJKZ7j25djuG5.FfZ.LNuern5mpQayq","+91-984000062","doctor","https://images.unsplash.com/photo-1651008376811-b90baee60c1f?auto=format&fit=crop&q=80&w=400","Government Theni Medical College Hospital, Theni, Theni, Tamil Nadu","""2026-08-03T13:37:41.753Z""","""2026-08-03T13:37:41.753Z""","0"
"""6a7099a50770fd734ecafd33""","Dr. Vijay Raghavan","vijay.raghavan63@bookadoctor.in","$2a$10$0NEs5vW4iAeqHjkrHds04ucJKZ7j25djuG5.FfZ.LNuern5mpQayq","+91-984000063","doctor","https://images.unsplash.com/photo-1582750433449-648ed127bb54?auto=format&fit=crop&q=80&w=400","Government Theni Medical College Hospital, Theni, Theni, Tamil Nadu","""2026-08-03T13:37:41.766Z""","""2026-08-03T13:37:41.766Z""","0"
"""6a7099a50770fd734ecafd3b""","Dr. Nithya Sundaram","nithya.sundaram64@bookadoctor.in","$2a$10$0NEs5vW4iAeqHjkrHds04ucJKZ7j25djuG5.FfZ.LNuern5mpQayq","+91-984000064","doctor","https://images.unsplash.com/photo-1559839734-2b71ea197ec2?auto=format&fit=crop&q=80&w=400","Government Medical College Hospital, Thoothukudi, Thoothukudi, Tamil Nadu","""2026-08-03T13:37:41.780Z""","""2026-08-03T13:37:41.780Z""","0"
"""6a7099a50770fd734ecafd43""","Dr. Prakash Ramanathan","prakash.ramanathan65@bookadoctor.in","$2a$10$0NEs5vW4iAeqHjkrHds04ucJKZ7j25djuG5.FfZ.LNuern5mpQayq","+91-984000065","doctor","https://images.unsplash.com/photo-1622253692010-333f2da6031d?auto=format&fit=crop&q=80&w=400","Government Medical College Hospital, Thoothukudi, Thoothukudi, Tamil Nadu","""2026-08-03T13:37:41.792Z""","""2026-08-03T13:37:41.792Z""","0"
"""6a7099a50770fd734ecafd4b""","Dr. Kavitha Subramanian","kavitha.subramanian66@bookadoctor.in","$2a$10$0NEs5vW4iAeqHjkrHds04ucJKZ7j25djuG5.FfZ.LNuern5mpQayq","+91-984000066","doctor","https://images.unsplash.com/photo-1651008376811-b90baee60c1f?auto=format&fit=crop&q=80&w=400","Government Medical College Hospital, Thoothukudi, Thoothukudi, Tamil Nadu","""2026-08-03T13:37:41.806Z""","""2026-08-03T13:37:41.806Z""","0"
"""6a7099a50770fd734ecafd53""","Dr. Sanjay Natarajan","sanjay.natarajan67@bookadoctor.in","$2a$10$0NEs5vW4iAeqHjkrHds04ucJKZ7j25djuG5.FfZ.LNuern5mpQayq","+91-984000067","doctor","https://images.unsplash.com/photo-1612349317150-e413f6a5b16d?auto=format&fit=crop&q=80&w=400","Kauvery Hospital, Cantonment, Tiruchirappalli, Tiruchirappalli, Tamil Nadu","""2026-08-03T13:37:41.821Z""","""2026-08-03T13:37:41.821Z""","0"
"""6a7099a50770fd734ecafd5b""","Dr. Anitha Krishnan","anitha.krishnan68@bookadoctor.in","$2a$10$0NEs5vW4iAeqHjkrHds04ucJKZ7j25djuG5.FfZ.LNuern5mpQayq","+91-984000068","doctor","https://images.unsplash.com/photo-1559839734-2b71ea197ec2?auto=format&fit=crop&q=80&w=400","Kauvery Hospital, Cantonment, Tiruchirappalli, Tiruchirappalli, Tamil Nadu","""2026-08-03T13:37:41.842Z""","""2026-08-03T13:37:41.842Z""","0"
"""6a7099a50770fd734ecafd63""","Dr. Manoj Murugan","manoj.murugan69@bookadoctor.in","$2a$10$0NEs5vW4iAeqHjkrHds04ucJKZ7j25djuG5.FfZ.LNuern5mpQayq","+91-984000069","doctor","https://images.unsplash.com/photo-1576091160399-112ba8d25d1d?auto=format&fit=crop&q=80&w=400","Tirunelveli Medical College Hospital, Tirunelveli, Tirunelveli, Tamil Nadu","""2026-08-03T13:37:41.858Z""","""2026-08-03T13:37:41.858Z""","0"
"""6a7099a50770fd734ecafd6b""","Dr. Deepa Iyengar","deepa.iyengar70@bookadoctor.in","$2a$10$0NEs5vW4iAeqHjkrHds04ucJKZ7j25djuG5.FfZ.LNuern5mpQayq","+91-984000070","doctor","https://images.unsplash.com/photo-1651008376811-b90baee60c1f?auto=format&fit=crop&q=80&w=400","Tirunelveli Medical College Hospital, Tirunelveli, Tirunelveli, Tamil Nadu","""2026-08-03T13:37:41.875Z""","""2026-08-03T13:37:41.875Z""","0"
"""6a7099a50770fd734ecafd73""","Dr. Suresh Balasubramanian","suresh.balasubramanian71@bookadoctor.in","$2a$10$0NEs5vW4iAeqHjkrHds04ucJKZ7j25djuG5.FfZ.LNuern5mpQayq","+91-984000071","doctor","https://images.unsplash.com/photo-1537368910025-700350fe46c7?auto=format&fit=crop&q=80&w=400","Government Head Quarters Hospital, Tirupathur, Tirupathur, Tamil Nadu","""2026-08-03T13:37:41.893Z""","""2026-08-03T13:37:41.893Z""","0"
"""6a7099a50770fd734ecafd7b""","Dr. Divya Chettiar","divya.chettiar72@bookadoctor.in","$2a$10$0NEs5vW4iAeqHjkrHds04ucJKZ7j25djuG5.FfZ.LNuern5mpQayq","+91-984000072","doctor","https://images.unsplash.com/photo-1559839734-2b71ea197ec2?auto=format&fit=crop&q=80&w=400","Government Head Quarters Hospital, Tirupathur, Tirupathur, Tamil Nadu","""2026-08-03T13:37:41.908Z""","""2026-08-03T13:37:41.908Z""","0"
"""6a7099a50770fd734ecafd83""","Dr. Venkatesh Pillai","venkatesh.pillai73@bookadoctor.in","$2a$10$0NEs5vW4iAeqHjkrHds04ucJKZ7j25djuG5.FfZ.LNuern5mpQayq","+91-984000073","doctor","https://images.unsplash.com/photo-1582750433449-648ed127bb54?auto=format&fit=crop&q=80&w=400","Government Head Quarters Hospital, Tirupathur, Tirupathur, Tamil Nadu","""2026-08-03T13:37:41.926Z""","""2026-08-03T13:37:41.926Z""","0"
"""6a7099a50770fd734ecafd8b""","Dr. Revathi Ganesan","revathi.ganesan74@bookadoctor.in","$2a$10$0NEs5vW4iAeqHjkrHds04ucJKZ7j25djuG5.FfZ.LNuern5mpQayq","+91-984000074","doctor","https://images.unsplash.com/photo-1651008376811-b90baee60c1f?auto=format&fit=crop&q=80&w=400","Revathi Medical Center, Tiruppur, Tiruppur, Tamil Nadu","""2026-08-03T13:37:41.944Z""","""2026-08-03T13:37:41.944Z""","0"
"""6a7099a50770fd734ecafd93""","Dr. Rajesh Srinivasan","rajesh.srinivasan75@bookadoctor.in","$2a$10$0NEs5vW4iAeqHjkrHds04ucJKZ7j25djuG5.FfZ.LNuern5mpQayq","+91-984000075","doctor","https://images.unsplash.com/photo-1622253692010-333f2da6031d?auto=format&fit=crop&q=80&w=400","Revathi Medical Center, Tiruppur, Tiruppur, Tamil Nadu","""2026-08-03T13:37:41.959Z""","""2026-08-03T13:37:41.959Z""","0"
"""6a7099a50770fd734ecafd9b""","Dr. Gayathri Raghavan","gayathri.raghavan76@bookadoctor.in","$2a$10$0NEs5vW4iAeqHjkrHds04ucJKZ7j25djuG5.FfZ.LNuern5mpQayq","+91-984000076","doctor","https://images.unsplash.com/photo-1559839734-2b71ea197ec2?auto=format&fit=crop&q=80&w=400","Government Medical College Hospital, Tiruvallur, Tiruvallur, Tamil Nadu","""2026-08-03T13:37:41.975Z""","""2026-08-03T13:37:41.975Z""","0"
"""6a7099a50770fd734ecafda3""","Dr. Vijay Sundaram","vijay.sundaram77@bookadoctor.in","$2a$10$0NEs5vW4iAeqHjkrHds04ucJKZ7j25djuG5.FfZ.LNuern5mpQayq","+91-984000077","doctor","https://images.unsplash.com/photo-1612349317150-e413f6a5b16d?auto=format&fit=crop&q=80&w=400","Government Medical College Hospital, Tiruvallur, Tiruvallur, Tamil Nadu","""2026-08-03T13:37:41.990Z""","""2026-08-03T13:37:41.990Z""","0"
"""6a7099a60770fd734ecafdab""","Dr. Priya Ramanathan","priya.ramanathan78@bookadoctor.in","$2a$10$0NEs5vW4iAeqHjkrHds04ucJKZ7j25djuG5.FfZ.LNuern5mpQayq","+91-984000078","doctor","https://images.unsplash.com/photo-1651008376811-b90baee60c1f?auto=format&fit=crop&q=80&w=400","Government Medical College Hospital, Tiruvannamalai, Tiruvannamalai, Tamil Nadu","""2026-08-03T13:37:42.008Z""","""2026-08-03T13:37:42.008Z""","0"
"""6a7099a60770fd734ecafdb3""","Dr. Prakash Subramanian","prakash.subramanian79@bookadoctor.in","$2a$10$0NEs5vW4iAeqHjkrHds04ucJKZ7j25djuG5.FfZ.LNuern5mpQayq","+91-984000079","doctor","https://images.unsplash.com/photo-1576091160399-112ba8d25d1d?auto=format&fit=crop&q=80&w=400","Government Medical College Hospital, Tiruvannamalai, Tiruvannamalai, Tamil Nadu","""2026-08-03T13:37:42.025Z""","""2026-08-03T13:37:42.025Z""","0"
"""6a7099a60770fd734ecafdbb""","Dr. Lakshmi Natarajan","lakshmi.natarajan80@bookadoctor.in","$2a$10$0NEs5vW4iAeqHjkrHds04ucJKZ7j25djuG5.FfZ.LNuern5mpQayq","+91-984000080","doctor","https://images.unsplash.com/photo-1559839734-2b71ea197ec2?auto=format&fit=crop&q=80&w=400","Government Medical College Hospital, Tiruvannamalai, Tiruvannamalai, Tamil Nadu","""2026-08-03T13:37:42.040Z""","""2026-08-03T13:37:42.040Z""","0"
"""6a7099a60770fd734ecafdc3""","Dr. Sanjay Krishnan","sanjay.krishnan81@bookadoctor.in","$2a$10$0NEs5vW4iAeqHjkrHds04ucJKZ7j25djuG5.FfZ.LNuern5mpQayq","+91-984000081","doctor","https://images.unsplash.com/photo-1537368910025-700350fe46c7?auto=format&fit=crop&q=80&w=400","Government Tiruvarur Medical College Hospital, Tiruvarur, Tamil Nadu","""2026-08-03T13:37:42.054Z""","""2026-08-03T13:37:42.054Z""","0"
"""6a7099a60770fd734ecafdcb""","Dr. Meena Murugan","meena.murugan82@bookadoctor.in","$2a$10$0NEs5vW4iAeqHjkrHds04ucJKZ7j25djuG5.FfZ.LNuern5mpQayq","+91-984000082","doctor","https://images.unsplash.com/photo-1651008376811-b90baee60c1f?auto=format&fit=crop&q=80&w=400","Government Tiruvarur Medical College Hospital, Tiruvarur, Tamil Nadu","""2026-08-03T13:37:42.068Z""","""2026-08-03T13:37:42.068Z""","0"
"""6a7099a60770fd734ecafdd3""","Dr. Manoj Iyengar","manoj.iyengar83@bookadoctor.in","$2a$10$0NEs5vW4iAeqHjkrHds04ucJKZ7j25djuG5.FfZ.LNuern5mpQayq","+91-984000083","doctor","https://images.unsplash.com/photo-1582750433449-648ed127bb54?auto=format&fit=crop&q=80&w=400","Christian Medical College (CMC), Vellore, Vellore, Tamil Nadu","""2026-08-03T13:37:42.127Z""","""2026-08-03T13:37:42.127Z""","0"
"""6a7099a60770fd734ecafddb""","Dr. Radha Balasubramanian","radha.balasubramanian84@bookadoctor.in","$2a$10$0NEs5vW4iAeqHjkrHds04ucJKZ7j25djuG5.FfZ.LNuern5mpQayq","+91-984000084","doctor","https://images.unsplash.com/photo-1559839734-2b71ea197ec2?auto=format&fit=crop&q=80&w=400","Christian Medical College (CMC), Vellore, Vellore, Tamil Nadu","""2026-08-03T13:37:42.149Z""","""2026-08-03T13:37:42.149Z""","0"
"""6a7099a60770fd734ecafde3""","Dr. Suresh Chettiar","suresh.chettiar85@bookadoctor.in","$2a$10$0NEs5vW4iAeqHjkrHds04ucJKZ7j25djuG5.FfZ.LNuern5mpQayq","+91-984000085","doctor","https://images.unsplash.com/photo-1622253692010-333f2da6031d?auto=format&fit=crop&q=80&w=400","Government Villupuram Medical College Hospital, Viluppuram, Tamil Nadu","""2026-08-03T13:37:42.167Z""","""2026-08-03T13:37:42.167Z""","0"
"""6a7099a60770fd734ecafdeb""","Dr. Sangeetha Pillai","sangeetha.pillai86@bookadoctor.in","$2a$10$0NEs5vW4iAeqHjkrHds04ucJKZ7j25djuG5.FfZ.LNuern5mpQayq","+91-984000086","doctor","https://images.unsplash.com/photo-1651008376811-b90baee60c1f?auto=format&fit=crop&q=80&w=400","Government Villupuram Medical College Hospital, Viluppuram, Tamil Nadu","""2026-08-03T13:37:42.181Z""","""2026-08-03T13:37:42.181Z""","0"
"""6a7099a60770fd734ecafdf3""","Dr. Venkatesh Ganesan","venkatesh.ganesan87@bookadoctor.in","$2a$10$0NEs5vW4iAeqHjkrHds04ucJKZ7j25djuG5.FfZ.LNuern5mpQayq","+91-984000087","doctor","https://images.unsplash.com/photo-1612349317150-e413f6a5b16d?auto=format&fit=crop&q=80&w=400","Government Villupuram Medical College Hospital, Viluppuram, Tamil Nadu","""2026-08-03T13:37:42.196Z""","""2026-08-03T13:37:42.196Z""","0"
"""6a7099a60770fd734ecafdfb""","Dr. Aarthi Srinivasan","aarthi.srinivasan88@bookadoctor.in","$2a$10$0NEs5vW4iAeqHjkrHds04ucJKZ7j25djuG5.FfZ.LNuern5mpQayq","+91-984000088","doctor","https://images.unsplash.com/photo-1559839734-2b71ea197ec2?auto=format&fit=crop&q=80&w=400","Government Medical College Hospital, Virudhunagar, Virudhunagar, Tamil Nadu","""2026-08-03T13:37:42.210Z""","""2026-08-03T13:37:42.210Z""","0"
"""6a7099a60770fd734ecafe03""","Dr. Rajesh Raghavan","rajesh.raghavan89@bookadoctor.in","$2a$10$0NEs5vW4iAeqHjkrHds04ucJKZ7j25djuG5.FfZ.LNuern5mpQayq","+91-984000089","doctor","https://images.unsplash.com/photo-1576091160399-112ba8d25d1d?auto=format&fit=crop&q=80&w=400","Government Medical College Hospital, Virudhunagar, Virudhunagar, Tamil Nadu","""2026-08-03T13:37:42.225Z""","""2026-08-03T13:37:42.225Z""","0"